{
	"credit": "Made with Blockbench",
	"parent": "models/item/shield",
	"ambientocclusion": false,
	"textures": {
		"2": "./11_aquatic_shield",
		"particle": "./11_aquatic_shield"
	},
	"elements": [
		{
			"from": [1, 7, 2],
			"to": [9, 20, 4],
			"faces": {
				"north": {"uv": [7.5, 4, 11.5, 10.5], "texture": "#2"},
				"east": {"uv": [7.5, 4, 8, 4.5], "texture": "#2"},
				"south": {"uv": [11.5, 4, 7.5, 10.5], "texture": "#2"},
				"west": {"uv": [11, 8.5, 11.5, 10.5], "texture": "#2"},
				"up": {"uv": [5.5, 4.5, 7.5, 5], "texture": "#2"},
				"down": {"uv": [11, 10, 11.5, 10.5], "texture": "#2"}
			}
		},
		{
			"from": [-1, 15, 2],
			"to": [0, 20, 4],
			"faces": {
				"north": {"uv": [12, 4, 12.5, 6.5], "texture": "#2"},
				"east": {"uv": [0, 0, 0.5, 0.5], "texture": "#2"},
				"south": {"uv": [12.5, 4, 12, 6.5], "texture": "#2"},
				"west": {"uv": [12, 4.5, 12.5, 6.5], "texture": "#2"},
				"up": {"uv": [0, 0, 0.5, 0.5], "texture": "#2"},
				"down": {"uv": [12, 6, 12.5, 6.5], "texture": "#2"}
			}
		},
		{
			"from": [0, 11, 2],
			"to": [1, 20, 4],
			"faces": {
				"north": {"uv": [11.5, 4, 12, 8.5], "texture": "#2"},
				"east": {"uv": [0, 0, 0.5, 0.5], "texture": "#2"},
				"south": {"uv": [12, 4, 11.5, 8.5], "texture": "#2"},
				"west": {"uv": [11.5, 6.5, 12, 8.5], "texture": "#2"},
				"up": {"uv": [0, 0, 0.5, 0.5], "texture": "#2"},
				"down": {"uv": [11.5, 8, 12, 8.5], "texture": "#2"}
			}
		},
		{
			"from": [-2, 19, 2],
			"to": [-1, 20, 4],
			"faces": {
				"north": {"uv": [12.5, 4, 13, 4.5], "texture": "#2"},
				"east": {"uv": [0, 0, 0.5, 0.5], "texture": "#2"},
				"south": {"uv": [12.5, 4, 13, 4.5], "texture": "#2"},
				"west": {"uv": [12.5, 4, 13, 4.5], "texture": "#2"},
				"up": {"uv": [0, 0, 0.5, 0.5], "texture": "#2"},
				"down": {"uv": [12.5, 4, 13, 4.5], "texture": "#2"}
			}
		},
		{
			"from": [-2, 20, 2],
			"to": [1, 22, 4],
			"faces": {
				"north": {"uv": [11.5, 3, 13, 4], "texture": "#2"},
				"east": {"uv": [11.5, 3, 12, 3.5], "texture": "#2"},
				"south": {"uv": [13, 3, 11.5, 4], "texture": "#2"},
				"west": {"uv": [12.5, 3, 13, 4], "texture": "#2"},
				"up": {"uv": [11.5, 3, 13, 3.5], "texture": "#2"},
				"down": {"uv": [0, 0, 0.5, 0.5], "texture": "#2"}
			}
		},
		{
			"from": [1, 20, 2],
			"to": [5, 21, 4],
			"faces": {
				"north": {"uv": [9.5, 3.5, 11.5, 4], "texture": "#2"},
				"east": {"uv": [9.5, 3.5, 10, 4], "texture": "#2"},
				"south": {"uv": [9.5, 3.5, 11.5, 4], "texture": "#2"},
				"west": {"uv": [0, 0, 0.5, 0.5], "texture": "#2"},
				"up": {"uv": [9.5, 3.5, 11.5, 4], "texture": "#2"},
				"down": {"uv": [0, 0, 0.5, 0.5], "texture": "#2"}
			}
		},
		{
			"from": [2, 5, 2],
			"to": [9, 7, 4],
			"faces": {
				"north": {"uv": [7.5, 10.5, 11, 11.5], "texture": "#2"},
				"east": {"uv": [0, 0, 0.5, 0.5], "texture": "#2"},
				"south": {"uv": [11, 10.5, 7.5, 11.5], "texture": "#2"},
				"west": {"uv": [10.5, 10.5, 11, 11.5], "texture": "#2"},
				"up": {"uv": [0, 0, 0.5, 0.5], "texture": "#2"},
				"down": {"uv": [0, 0, 0.5, 0.5], "texture": "#2"}
			}
		},
		{
			"from": [2, 4, 2],
			"to": [9, 5, 4],
			"faces": {
				"north": {"uv": [7.5, 11.5, 11, 12], "texture": "#2"},
				"east": {"uv": [7.5, 11.5, 8, 12], "texture": "#2"},
				"south": {"uv": [11, 11.5, 7.5, 12], "texture": "#2"},
				"west": {"uv": [10.5, 11.5, 11, 12], "texture": "#2"},
				"up": {"uv": [0, 0, 0.5, 0.5], "texture": "#2"},
				"down": {"uv": [7.5, 11.5, 8, 12], "texture": "#2"}
			}
		},
		{
			"from": [2, 3, 2],
			"to": [8, 4, 4],
			"faces": {
				"north": {"uv": [8, 12, 11, 12.5], "texture": "#2"},
				"east": {"uv": [8, 12, 8.5, 12.5], "texture": "#2"},
				"south": {"uv": [11, 12, 8, 12.5], "texture": "#2"},
				"west": {"uv": [10.5, 12, 11, 12.5], "texture": "#2"},
				"up": {"uv": [0, 0, 0.5, 0.5], "texture": "#2"},
				"down": {"uv": [10.5, 12, 11, 12.5], "texture": "#2"}
			}
		},
		{
			"from": [3, 0, 2],
			"to": [5, 3, 4],
			"faces": {
				"north": {"uv": [9.5, 12.5, 10.5, 14], "texture": "#2"},
				"east": {"uv": [9.5, 13.5, 10, 14], "texture": "#2"},
				"south": {"uv": [10.5, 12.5, 9.5, 14], "texture": "#2"},
				"west": {"uv": [10, 12.5, 10.5, 14], "texture": "#2"},
				"up": {"uv": [0, 0, 0.5, 0.5], "texture": "#2"},
				"down": {"uv": [9.5, 13.5, 10.5, 14], "texture": "#2"}
			}
		},
		{
			"from": [5, 2, 2],
			"to": [7, 3, 4],
			"faces": {
				"north": {"uv": [8.5, 12.5, 9.5, 13], "texture": "#2"},
				"east": {"uv": [8.5, 12.5, 9, 13], "texture": "#2"},
				"south": {"uv": [9.5, 12.5, 8.5, 13], "texture": "#2"},
				"west": {"uv": [0, 0, 0.5, 0.5], "texture": "#2"},
				"up": {"uv": [0, 0, 0.5, 0.5], "texture": "#2"},
				"down": {"uv": [8.5, 12.5, 9, 13], "texture": "#2"}
			}
		},
		{
			"from": [5, 1, 2],
			"to": [6, 2, 4],
			"faces": {
				"north": {"uv": [9, 13, 9.5, 13.5], "texture": "#2"},
				"east": {"uv": [9, 13, 9.5, 13.5], "texture": "#2"},
				"south": {"uv": [9, 13, 9.5, 13.5], "texture": "#2"},
				"west": {"uv": [0, 0, 0.5, 0.5], "texture": "#2"},
				"up": {"uv": [0, 0, 0.5, 0.5], "texture": "#2"},
				"down": {"uv": [9, 13, 9.5, 13.5], "texture": "#2"}
			}
		},
		{
			"from": [9, 8, 2],
			"to": [13, 19, 4],
			"faces": {
				"north": {"uv": [5.5, 4.5, 7.5, 10], "texture": "#2"},
				"east": {"uv": [2, 5.5, 2.5, 6.5], "texture": "#2"},
				"south": {"uv": [7.5, 4.5, 5.5, 10], "texture": "#2"},
				"west": {"uv": [0, 0, 0.5, 0.5], "texture": "#2"},
				"up": {"uv": [5.5, 4.5, 7.5, 5], "texture": "#2"},
				"down": {"uv": [5.5, 9.5, 6, 10], "texture": "#2"}
			}
		},
		{
			"from": [9, 5, 2],
			"to": [10, 8, 4],
			"faces": {
				"north": {"uv": [7, 10, 7.5, 11.5], "texture": "#2"},
				"east": {"uv": [7, 11, 7.5, 11.5], "texture": "#2"},
				"south": {"uv": [7, 10, 7.5, 11.5], "texture": "#2"},
				"west": {"uv": [0, 0, 0.5, 0.5], "texture": "#2"},
				"up": {"uv": [0, 0, 0.5, 0.5], "texture": "#2"},
				"down": {"uv": [7, 11, 7.5, 11.5], "texture": "#2"}
			}
		},
		{
			"from": [10, 6, 2],
			"to": [11, 8, 4],
			"faces": {
				"north": {"uv": [6.5, 10, 7, 11], "texture": "#2"},
				"east": {"uv": [6.5, 10.5, 7, 11], "texture": "#2"},
				"south": {"uv": [6.5, 10, 7, 11], "texture": "#2"},
				"west": {"uv": [0, 0, 0.5, 0.5], "texture": "#2"},
				"up": {"uv": [0, 0, 0.5, 0.5], "texture": "#2"},
				"down": {"uv": [6.5, 10.5, 7, 11], "texture": "#2"}
			}
		},
		{
			"from": [11, 7, 2],
			"to": [12, 8, 4],
			"faces": {
				"north": {"uv": [5.5, 9.5, 6, 10], "texture": "#2"},
				"east": {"uv": [5.5, 9.5, 6, 10], "texture": "#2"},
				"south": {"uv": [5.5, 9.5, 6, 10], "texture": "#2"},
				"west": {"uv": [0, 0, 0.5, 0.5], "texture": "#2"},
				"up": {"uv": [0, 0, 0.5, 0.5], "texture": "#2"},
				"down": {"uv": [5.5, 9.5, 6, 10], "texture": "#2"}
			}
		},
		{
			"from": [13, 12, 2],
			"to": [17, 18, 4],
			"faces": {
				"north": {"uv": [3.5, 5, 5.5, 8], "texture": "#2"},
				"east": {"uv": [2, 5.5, 2.5, 6.5], "texture": "#2"},
				"south": {"uv": [5.5, 5, 3.5, 8], "texture": "#2"},
				"west": {"uv": [0, 0, 0.5, 0.5], "texture": "#2"},
				"up": {"uv": [3.5, 5, 5.5, 5.5], "texture": "#2"},
				"down": {"uv": [3.5, 7.5, 4, 8], "texture": "#2"}
			}
		},
		{
			"from": [17, 15, 2],
			"to": [20, 17, 4],
			"faces": {
				"north": {"uv": [2, 5.5, 3.5, 6.5], "texture": "#2"},
				"east": {"uv": [2, 5.5, 2.5, 6.5], "texture": "#2"},
				"south": {"uv": [3.5, 5.5, 2, 6.5], "texture": "#2"},
				"west": {"uv": [0, 0, 0.5, 0.5], "texture": "#2"},
				"up": {"uv": [2, 5.5, 3.5, 6], "texture": "#2"},
				"down": {"uv": [2, 6, 2.5, 6.5], "texture": "#2"}
			}
		},
		{
			"from": [17, 14, 2],
			"to": [19, 15, 4],
			"faces": {
				"north": {"uv": [2.5, 6.5, 3.5, 7], "texture": "#2"},
				"east": {"uv": [2.5, 6.5, 3, 7], "texture": "#2"},
				"south": {"uv": [3.5, 6.5, 2.5, 7], "texture": "#2"},
				"west": {"uv": [0, 0, 0.5, 0.5], "texture": "#2"},
				"up": {"uv": [0, 0, 0.5, 0.5], "texture": "#2"},
				"down": {"uv": [3, 7, 3.5, 7.5], "texture": "#2"}
			}
		},
		{
			"from": [17, 13, 2],
			"to": [18, 14, 4],
			"faces": {
				"north": {"uv": [3, 7, 3.5, 7.5], "texture": "#2"},
				"east": {"uv": [3, 7, 3.5, 7.5], "texture": "#2"},
				"south": {"uv": [3, 7, 3.5, 7.5], "texture": "#2"},
				"west": {"uv": [0, 0, 0.5, 0.5], "texture": "#2"},
				"up": {"uv": [0, 0, 0.5, 0.5], "texture": "#2"},
				"down": {"uv": [3, 7, 3.5, 7.5], "texture": "#2"}
			}
		},
		{
			"from": [13, 11, 2],
			"to": [16, 12, 4],
			"faces": {
				"north": {"uv": [4, 8, 5.5, 8.5], "texture": "#2"},
				"east": {"uv": [4, 8, 4.5, 8.5], "texture": "#2"},
				"south": {"uv": [5.5, 8, 4, 8.5], "texture": "#2"},
				"west": {"uv": [0, 0, 0.5, 0.5], "texture": "#2"},
				"up": {"uv": [0, 0, 0.5, 0.5], "texture": "#2"},
				"down": {"uv": [4, 8, 4.5, 8.5], "texture": "#2"}
			}
		},
		{
			"from": [13, 10, 2],
			"to": [15, 11, 4],
			"faces": {
				"north": {"uv": [4.5, 8.5, 5.5, 9], "texture": "#2"},
				"east": {"uv": [4.5, 8.5, 5, 9], "texture": "#2"},
				"south": {"uv": [5.5, 8.5, 4.5, 9], "texture": "#2"},
				"west": {"uv": [0, 0, 0.5, 0.5], "texture": "#2"},
				"up": {"uv": [0, 0, 0.5, 0.5], "texture": "#2"},
				"down": {"uv": [4.5, 8.5, 5, 9], "texture": "#2"}
			}
		},
		{
			"from": [13, 9, 2],
			"to": [14, 10, 4],
			"faces": {
				"north": {"uv": [5, 9, 5.5, 9.5], "texture": "#2"},
				"east": {"uv": [5, 9, 5.5, 9.5], "texture": "#2"},
				"south": {"uv": [5, 9, 5.5, 9.5], "texture": "#2"},
				"west": {"uv": [0, 0, 0.5, 0.5], "texture": "#2"},
				"up": {"uv": [0, 0, 0.5, 0.5], "texture": "#2"},
				"down": {"uv": [5, 9, 5.5, 9.5], "texture": "#2"}
			}
		},
		{
			"from": [-2, 7, 2.5],
			"to": [1, 8, 3.5],
			"faces": {
				"north": {"uv": [11.5, 10, 13, 10.5], "texture": "#2"},
				"east": {"uv": [0, 0, 0.5, 0.5], "texture": "#2"},
				"south": {"uv": [13, 10, 11.5, 10.5], "texture": "#2"},
				"west": {"uv": [11.5, 10, 12, 10.5], "texture": "#2"},
				"up": {"uv": [0, 0, 0.5, 0.5], "texture": "#2"},
				"down": {"uv": [11.5, 10, 12, 10.5], "texture": "#2"}
			}
		},
		{
			"from": [-5, 8, 2.5],
			"to": [1, 10, 3.5],
			"faces": {
				"north": {"uv": [11.5, 9, 14.5, 10], "texture": "#2"},
				"east": {"uv": [0, 0, 0.5, 0.5], "texture": "#2"},
				"south": {"uv": [14.5, 9, 11.5, 10], "texture": "#2"},
				"west": {"uv": [14, 9, 14.5, 10], "texture": "#2"},
				"up": {"uv": [14, 9, 14.5, 9.5], "texture": "#2"},
				"down": {"uv": [13, 9.5, 13.5, 10], "texture": "#2"}
			}
		},
		{
			"from": [-4, 10, 2.5],
			"to": [1, 11, 3.5],
			"faces": {
				"north": {"uv": [11.5, 8.5, 14, 9], "texture": "#2"},
				"east": {"uv": [0, 0, 0.5, 0.5], "texture": "#2"},
				"south": {"uv": [14, 8.5, 11.5, 9], "texture": "#2"},
				"west": {"uv": [13.5, 8.5, 14, 9], "texture": "#2"},
				"up": {"uv": [13.5, 8.5, 14, 9], "texture": "#2"},
				"down": {"uv": [0, 0, 0.5, 0.5], "texture": "#2"}
			}
		},
		{
			"from": [-3, 11, 2.5],
			"to": [0, 12, 3.5],
			"faces": {
				"north": {"uv": [12, 8, 13.5, 8.5], "texture": "#2"},
				"east": {"uv": [0, 0, 0.5, 0.5], "texture": "#2"},
				"south": {"uv": [13.5, 8, 12, 8.5], "texture": "#2"},
				"west": {"uv": [13, 8, 13.5, 8.5], "texture": "#2"},
				"up": {"uv": [13, 8, 13.5, 8.5], "texture": "#2"},
				"down": {"uv": [0, 0, 0.5, 0.5], "texture": "#2"}
			}
		},
		{
			"from": [-2, 12, 2.5],
			"to": [0, 13, 3.5],
			"faces": {
				"north": {"uv": [12, 7.5, 13, 8], "texture": "#2"},
				"east": {"uv": [0, 0, 0.5, 0.5], "texture": "#2"},
				"south": {"uv": [13, 7.5, 12, 8], "texture": "#2"},
				"west": {"uv": [12.5, 7.5, 13, 8], "texture": "#2"},
				"up": {"uv": [12.5, 7.5, 13, 8], "texture": "#2"},
				"down": {"uv": [0, 0, 0.5, 0.5], "texture": "#2"}
			}
		},
		{
			"from": [-1, 13, 2.5],
			"to": [0, 14, 3.5],
			"faces": {
				"north": {"uv": [12, 7, 12.5, 7.5], "texture": "#2"},
				"east": {"uv": [0, 0, 0.5, 0.5], "texture": "#2"},
				"south": {"uv": [12, 7, 12.5, 7.5], "texture": "#2"},
				"west": {"uv": [12, 7, 12.5, 7.5], "texture": "#2"},
				"up": {"uv": [12, 7, 12.5, 7.5], "texture": "#2"},
				"down": {"uv": [0, 0, 0.5, 0.5], "texture": "#2"}
			}
		},
		{
			"from": [14, 3, 2.5],
			"to": [17, 4, 3.5],
			"faces": {
				"north": {"uv": [3.5, 12, 5, 12.5], "texture": "#2"},
				"east": {"uv": [3.5, 12, 4, 12.5], "texture": "#2"},
				"south": {"uv": [5, 12, 3.5, 12.5], "texture": "#2"},
				"west": {"uv": [4.5, 12, 5, 12.5], "texture": "#2"},
				"up": {"uv": [0, 0, 0.5, 0.5], "texture": "#2"},
				"down": {"uv": [3.5, 12, 5, 12.5], "texture": "#2"}
			}
		},
		{
			"from": [10, 4, 2.5],
			"to": [17, 6, 3.5],
			"faces": {
				"north": {"uv": [3.5, 11, 7, 12], "texture": "#2"},
				"east": {"uv": [3.5, 11, 4, 12], "texture": "#2"},
				"south": {"uv": [7, 11, 3.5, 12], "texture": "#2"},
				"west": {"uv": [6.5, 11.5, 7, 12], "texture": "#2"},
				"up": {"uv": [3.5, 11, 4, 11.5], "texture": "#2"},
				"down": {"uv": [5, 11.5, 7, 12], "texture": "#2"}
			}
		},
		{
			"from": [11, 6, 2.5],
			"to": [16, 10, 3.5],
			"faces": {
				"north": {"uv": [4, 9, 6.5, 11], "texture": "#2"},
				"east": {"uv": [4, 9, 4.5, 11], "texture": "#2"},
				"south": {"uv": [6.5, 9, 4, 11], "texture": "#2"},
				"west": {"uv": [0, 0, 0.5, 0.5], "texture": "#2"},
				"up": {"uv": [4, 9, 4.5, 9.5], "texture": "#2"},
				"down": {"uv": [0, 0, 0.5, 0.5], "texture": "#2"}
			}
		},
		{
			"from": [12, 19, 2.5],
			"to": [13, 22, 3.5],
			"faces": {
				"north": {"uv": [5.5, 3, 6, 4.5], "texture": "#2"},
				"east": {"uv": [5.5, 3, 6, 4.5], "texture": "#2"},
				"south": {"uv": [5.5, 3, 6, 4.5], "texture": "#2"},
				"west": {"uv": [0, 0, 0.5, 0.5], "texture": "#2"},
				"up": {"uv": [5.5, 3, 6, 3.5], "texture": "#2"},
				"down": {"uv": [0, 0, 0.5, 0.5], "texture": "#2"}
			}
		},
		{
			"from": [10, 19, 2.5],
			"to": [12, 25, 3.5],
			"faces": {
				"north": {"uv": [6, 1.5, 7, 4.5], "texture": "#2"},
				"east": {"uv": [6, 2, 6.5, 3.5], "texture": "#2"},
				"south": {"uv": [7, 1.5, 6, 4.5], "texture": "#2"},
				"west": {"uv": [6.5, 1.5, 7, 2], "texture": "#2"},
				"up": {"uv": [6, 1.5, 7, 2], "texture": "#2"},
				"down": {"uv": [0, 0, 0.5, 0.5], "texture": "#2"}
			}
		},
		{
			"from": [9, 19, 2.5],
			"to": [10, 24, 3.5],
			"faces": {
				"north": {"uv": [7, 2, 7.5, 4.5], "texture": "#2"},
				"east": {"uv": [0, 0, 0.5, 0.5], "texture": "#2"},
				"south": {"uv": [7, 2, 7.5, 4.5], "texture": "#2"},
				"west": {"uv": [7, 2, 7.5, 2.5], "texture": "#2"},
				"up": {"uv": [7, 2, 7.5, 2.5], "texture": "#2"},
				"down": {"uv": [0, 0, 0.5, 0.5], "texture": "#2"}
			}
		},
		{
			"from": [8, 20, 2.5],
			"to": [9, 23, 3.5],
			"faces": {
				"north": {"uv": [7.5, 2.5, 8, 4], "texture": "#2"},
				"east": {"uv": [0, 0, 0.5, 0.5], "texture": "#2"},
				"south": {"uv": [7.5, 2.5, 8, 4], "texture": "#2"},
				"west": {"uv": [7.5, 2.5, 8, 3], "texture": "#2"},
				"up": {"uv": [7.5, 2.5, 8, 3], "texture": "#2"},
				"down": {"uv": [0, 0, 0.5, 0.5], "texture": "#2"}
			}
		},
		{
			"from": [7, 20, 2.5],
			"to": [8, 22, 3.5],
			"faces": {
				"north": {"uv": [8, 3, 8.5, 4], "texture": "#2"},
				"east": {"uv": [0, 0, 0.5, 0.5], "texture": "#2"},
				"south": {"uv": [8, 3, 8.5, 4], "texture": "#2"},
				"west": {"uv": [8, 3, 8.5, 3.5], "texture": "#2"},
				"up": {"uv": [8, 3, 8.5, 3.5], "texture": "#2"},
				"down": {"uv": [0, 0, 0.5, 0.5], "texture": "#2"}
			}
		},
		{
			"from": [6, 20, 2.5],
			"to": [7, 21, 3.5],
			"faces": {
				"north": {"uv": [8.5, 3.5, 9, 4], "texture": "#2"},
				"east": {"uv": [0, 0, 0.5, 0.5], "texture": "#2"},
				"south": {"uv": [8.5, 3.5, 9, 4], "texture": "#2"},
				"west": {"uv": [8.5, 3.5, 9, 4], "texture": "#2"},
				"up": {"uv": [8.5, 3.5, 9, 4], "texture": "#2"},
				"down": {"uv": [0, 0, 0.5, 0.5], "texture": "#2"}
			}
		}
	],
	"gui_light": "front",
	"overrides": [],
	"display": {
		"thirdperson_righthand": {
			"rotation": [45, -30, 1],
			"translation": [-0.25, -4.25, 0.25],
			"scale": [0.8, 0.8, 0.8]
		},
		"thirdperson_lefthand": {
			"rotation": [45, -30, 1],
			"translation": [-0.25, -4.25, 0.25],
			"scale": [0.8, 0.8, 0.8]
		},
		"firstperson_righthand": {
			"rotation": [0, 0, 16],
			"translation": [2.25, -5.5, 2],
			"scale": [0.8, 0.8, 0.8]
		},
		"firstperson_lefthand": {
			"rotation": [0, 0, 16],
			"translation": [2.25, -5.5, 2],
			"scale": [0.8, 0.8, 0.8]
		},
		"ground": {
			"translation": [0, -0.75, 0],
			"scale": [0.5, 0.5, 0.5]
		},
		"gui": {
			"rotation": [0, -180, 0],
			"translation": [0, -2.5, 0],
			"scale": [0.5, 0.5, 0.5]
		},
		"head": {
			"translation": [0, -5, -2]
		},
		"fixed": {
			"translation": [0.5, -3.25, 4.75]
		}
	}
}