{
	"credit": "Made with Blockbench",
	"texture_size": [32, 32],
	"textures": {
		"0": "parrot",
		"particle": "parrot"
	},
	"elements": [
		{
			"name": "body",
			"from": [6.5, 1.5, 6.5],
			"to": [9.5, 7.5, 9.5],
			"rotation": {"angle": 0, "axis": "y", "origin": [8, 0, 9]},
			"faces": {
				"north": {"uv": [2.5, 5.5, 4, 8.5], "texture": "#0"},
				"east": {"uv": [1, 5.5, 2.5, 8.5], "texture": "#0"},
				"south": {"uv": [5.5, 5.5, 7, 8.5], "texture": "#0"},
				"west": {"uv": [4, 5.5, 5.5, 8.5], "texture": "#0"},
				"up": {"uv": [4, 5.5, 2.5, 4], "texture": "#0"},
				"down": {"uv": [5.5, 4, 4, 5.5], "texture": "#0"}
			}
		},
		{
			"name": "left_wing_rotation",
			"from": [5, 2.1, 6.7],
			"to": [6, 7.1, 9.7],
			"rotation": {"angle": -22.5, "axis": "z", "origin": [5, 4.5, 8.5]},
			"faces": {
				"north": {"uv": [11, 5.5, 11.5, 8], "texture": "#0"},
				"east": {"uv": [9.5, 5.5, 11, 8], "texture": "#0"},
				"south": {"uv": [13, 5.5, 13.5, 8], "texture": "#0"},
				"west": {"uv": [11.5, 5.5, 13, 8], "texture": "#0"},
				"up": {"uv": [11.5, 5.5, 11, 4], "texture": "#0"},
				"down": {"uv": [12, 4, 11.5, 5.5], "texture": "#0"}
			}
		},
		{
			"name": "right_wing_rotation",
			"from": [10, 2.1, 6.7],
			"to": [11, 7.1, 9.7],
			"rotation": {"angle": 22.5, "axis": "z", "origin": [11, 4.5, 8.5]},
			"faces": {
				"north": {"uv": [11, 5.5, 11.5, 8], "texture": "#0"},
				"east": {"uv": [9.5, 5.5, 11, 8], "texture": "#0"},
				"south": {"uv": [13, 5.5, 13.5, 8], "texture": "#0"},
				"west": {"uv": [11.5, 5.5, 13, 8], "texture": "#0"},
				"up": {"uv": [11.5, 5.5, 11, 4], "texture": "#0"},
				"down": {"uv": [12, 4, 11.5, 5.5], "texture": "#0"}
			}
		},
		{
			"name": "left_leg",
			"from": [8.5, 0, 7.5],
			"to": [9.5, 2, 8.5],
			"rotation": {"angle": 0, "axis": "y", "origin": [8, 0, 9]},
			"faces": {
				"north": {"uv": [7.5, 9.5, 8, 10.5], "texture": "#0"},
				"east": {"uv": [7, 9.5, 7.5, 10.5], "texture": "#0"},
				"south": {"uv": [8.5, 9.5, 9, 10.5], "texture": "#0"},
				"west": {"uv": [8, 9.5, 8.5, 10.5], "texture": "#0"},
				"up": {"uv": [8, 9.5, 7.5, 9], "texture": "#0"},
				"down": {"uv": [8.5, 9, 8, 9.5], "texture": "#0"}
			}
		},
		{
			"name": "right_leg",
			"from": [6.5, 0, 7.5],
			"to": [7.5, 2, 8.5],
			"rotation": {"angle": 0, "axis": "y", "origin": [8, 0, 9]},
			"faces": {
				"north": {"uv": [7.5, 9.5, 8, 10.5], "texture": "#0"},
				"east": {"uv": [7, 9.5, 7.5, 10.5], "texture": "#0"},
				"south": {"uv": [8.5, 9.5, 9, 10.5], "texture": "#0"},
				"west": {"uv": [8, 9.5, 8.5, 10.5], "texture": "#0"},
				"up": {"uv": [8, 9.5, 7.5, 9], "texture": "#0"},
				"down": {"uv": [8.5, 9, 8, 9.5], "texture": "#0"}
			}
		},
		{
			"name": "tail",
			"from": [6.5, -0.1, 9.2],
			"to": [9.5, 3.9, 10.2],
			"rotation": {"angle": 0, "axis": "y", "origin": [8, 0, 9]},
			"faces": {
				"north": {"uv": [11.5, 1, 13, 3], "texture": "#0"},
				"east": {"uv": [11, 1, 11.5, 3], "texture": "#0"},
				"south": {"uv": [13.5, 1, 15, 3], "texture": "#0"},
				"west": {"uv": [13, 1, 13.5, 3], "texture": "#0"},
				"up": {"uv": [13, 1, 11.5, 0.5], "texture": "#0"},
				"down": {"uv": [14.5, 0.5, 13, 1], "texture": "#0"}
			}
		},
		{
			"name": "head",
			"from": [7, 9.5, 5.5],
			"to": [9, 10.5, 9.5],
			"rotation": {"angle": 22.5, "axis": "x", "origin": [8, 9, 8]},
			"faces": {
				"north": {"uv": [7, 2, 8, 2.5], "texture": "#0"},
				"east": {"uv": [5, 2, 7, 2.5], "texture": "#0"},
				"south": {"uv": [10, 2, 11, 2.5], "texture": "#0"},
				"west": {"uv": [8, 2, 10, 2.5], "texture": "#0"},
				"up": {"uv": [8, 2, 7, 0], "texture": "#0"},
				"down": {"uv": [9, 0, 8, 2], "texture": "#0"}
			}
		},
		{
			"name": "head",
			"from": [7.5, 7.5, 6.5],
			"to": [8.5, 9.5, 7.5],
			"rotation": {"angle": 22.5, "axis": "x", "origin": [8, 9, 8]},
			"faces": {
				"north": {"uv": [6, 4, 6.5, 5], "texture": "#0"},
				"east": {"uv": [5.5, 4, 6, 5], "texture": "#0"},
				"south": {"uv": [7, 4, 7.5, 5], "texture": "#0"},
				"west": {"uv": [6.5, 4, 7, 5], "texture": "#0"},
				"up": {"uv": [6.5, 4, 6, 3.5], "texture": "#0"},
				"down": {"uv": [7, 3.5, 6.5, 4], "texture": "#0"}
			}
		},
		{
			"name": "feather",
			"from": [8, 9.5, 6.5],
			"to": [8, 14.5, 10.5],
			"rotation": {"angle": 22.5, "axis": "x", "origin": [8, 9, 8]},
			"faces": {
				"north": {"uv": [3, 11, 3, 13.5], "texture": "#0"},
				"east": {"uv": [1, 11, 3, 13.5], "texture": "#0"},
				"south": {"uv": [5, 11, 5, 13.5], "texture": "#0"},
				"west": {"uv": [3, 11, 1, 13.5], "texture": "#0"},
				"up": {"uv": [3, 11, 3, 9], "texture": "#0"},
				"down": {"uv": [3, 9, 3, 11], "texture": "#0"}
			}
		},
		{
			"name": "head",
			"from": [7.51, 7.76, 5.56],
			"to": [8.49, 9.74, 6.54],
			"rotation": {"angle": 22.5, "axis": "x", "origin": [8, 9, 8]},
			"faces": {
				"north": {"uv": [8.5, 4, 9, 5], "texture": "#0"},
				"east": {"uv": [8, 4, 8.5, 5], "texture": "#0"},
				"south": {"uv": [9.5, 4, 10, 5], "texture": "#0"},
				"west": {"uv": [9, 4, 9.5, 5], "texture": "#0"},
				"up": {"uv": [9, 4, 8.5, 3.5], "texture": "#0"},
				"down": {"uv": [9.5, 3.5, 9, 4], "texture": "#0"}
			}
		},
		{
			"name": "head",
			"from": [7, 6.5, 7.5],
			"to": [9, 9.5, 9.5],
			"rotation": {"angle": 22.5, "axis": "x", "origin": [8, 9, 8]},
			"faces": {
				"north": {"uv": [2, 2, 3, 3.5], "texture": "#0"},
				"east": {"uv": [1, 2, 2, 3.5], "texture": "#0"},
				"south": {"uv": [4, 2, 5, 3.5], "texture": "#0"},
				"west": {"uv": [3, 2, 4, 3.5], "texture": "#0"},
				"up": {"uv": [3, 2, 2, 1], "texture": "#0"},
				"down": {"uv": [4, 1, 3, 2], "texture": "#0"}
			}
		}
	],
	"display": {
		"thirdperson_righthand": {
			"scale": [0, 0, 0]
		},
		"thirdperson_lefthand": {
			"scale": [0, 0, 0]
		},
		"firstperson_righthand": {
			"rotation": [0, 134, 0],
			"translation": [2, 4, 0]
		},
		"firstperson_lefthand": {
			"rotation": [0, 140, 0],
			"translation": [2.25, 4, -0.25]
		},
		"gui": {
			"rotation": [38, 160, 0],
			"translation": [0, 0.5, 0]
		},
		"head": {
			"translation": [0, 12.75, -2.75]
		},
		"fixed": {
			"translation": [0, 2.5, -2]
		}
	},
	"groups": [
		0,
		1,
		2,
		3,
		4,
		5,
		{
			"name": "group",
			"origin": [8, 8, 8],
			"color": 0,
			"children": [6, 7, 8, 9, 10]
		}
	]
}