{
	"credit": "Made with Blockbench",
	"textures": {
		"0": "tadpole"
	},
	"elements": [
		{
			"name": "body",
			"from": [6.5, 0, 5.5],
			"to": [9.5, 2, 8.5],
			"rotation": {"angle": 0, "axis": "y", "origin": [8, 0, 7]},
			"faces": {
				"north": {"uv": [3, 3, 6, 5], "texture": "#0"},
				"east": {"uv": [0, 3, 3, 5], "texture": "#0"},
				"south": {"uv": [9, 3, 12, 5], "texture": "#0"},
				"west": {"uv": [6, 3, 9, 5], "texture": "#0"},
				"up": {"uv": [6, 3, 3, 0], "texture": "#0"},
				"down": {"uv": [9, 0, 6, 3], "texture": "#0"}
			}
		},
		{
			"name": "tail",
			"from": [8, 0, 8.5],
			"to": [8, 2, 15.5],
			"rotation": {"angle": 0, "axis": "y", "origin": [8, 0, 7]},
			"faces": {
				"north": {"uv": [7, 7, 7, 9], "texture": "#0"},
				"east": {"uv": [0, 7, 7, 9], "texture": "#0"},
				"south": {"uv": [14, 7, 14, 9], "texture": "#0"},
				"west": {"uv": [7, 7, 14, 9], "texture": "#0"},
				"up": {"uv": [7, 7, 7, 0], "texture": "#0"},
				"down": {"uv": [7, 0, 7, 7], "texture": "#0"}
			}
		}
	],
	"display": {
		"thirdperson_righthand": {
			"translation": [0, 3.75, 0],
			"scale": [0.46, 0.46, 0.46]
		},
		"thirdperson_lefthand": {
			"translation": [0, 4.75, 0.25],
			"scale": [0.53, 0.55, 0.53]
		},
		"firstperson_righthand": {
			"translation": [3.75, 7.25, -1.5]
		},
		"firstperson_lefthand": {
			"translation": [2.75, 8, 0]
		},
		"ground": {
			"translation": [0, 6.75, 0]
		},
		"gui": {
			"rotation": [37, -140, 0],
			"translation": [0, 5, 0]
		},
		"head": {
			"translation": [0, 2.25, -6]
		},
		"fixed": {
			"rotation": [-90, 0, 0],
			"translation": [0, 2, -8.25]
		}
	},
	"groups": [
		{
			"name": "body",
			"origin": [0, 23, 1.5],
			"color": 0,
			"children": [0]
		},
		{
			"name": "tail",
			"origin": [0, 1, 1.5],
			"color": 0,
			"children": [1]
		}
	]
}