{
	"credit": "Made with Blockbench",
	"texture_size": [32, 32],
	"textures": {
		"0": "snow_golem",
		"particle": "snow_golem"
	},
	"elements": [
		{
			"name": "head",
			"from": [4.5, 20.5, 4.5],
			"to": [11.5, 27.5, 11.5],
			"rotation": {"angle": 0, "axis": "y", "origin": [8, 0, 8]},
			"faces": {
				"north": {"uv": [2, 2, 4, 4], "texture": "#0"},
				"east": {"uv": [0, 2, 2, 4], "texture": "#0"},
				"south": {"uv": [6, 2, 8, 4], "texture": "#0"},
				"west": {"uv": [4, 2, 6, 4], "texture": "#0"},
				"up": {"uv": [4, 2, 2, 0], "texture": "#0"},
				"down": {"uv": [6, 0, 4, 2], "texture": "#0"}
			}
		},
		{
			"name": "left_hand_rotation",
			"from": [-1.75, 16, 7.5],
			"to": [-0.75, 27, 8.5],
			"rotation": {"angle": 45, "axis": "z", "origin": [-1, 22, 8]},
			"faces": {
				"north": {"uv": [8, 0.5, 15, 1], "rotation": 270, "texture": "#0"},
				"east": {"uv": [8.5, 0, 14.5, 0.5], "rotation": 90, "texture": "#0"},
				"south": {"uv": [8, 0.5, 15, 1], "rotation": 90, "texture": "#0"},
				"west": {"uv": [8.5, 0, 14.5, 0.5], "rotation": 90, "texture": "#0"},
				"up": {"uv": [8, 0.5, 8.5, 1], "rotation": 90, "texture": "#0"},
				"down": {"uv": [8, 0.5, 15, 1], "rotation": 90, "texture": "#0"}
			}
		},
		{
			"name": "right_hand_rotation",
			"from": [16.25, 10, 7.5],
			"to": [17.25, 21, 8.5],
			"rotation": {"angle": 45, "axis": "z", "origin": [17, 15, 8]},
			"faces": {
				"north": {"uv": [8, 0.5, 15, 1], "rotation": 270, "texture": "#0"},
				"east": {"uv": [8.5, 0, 14.5, 0.5], "rotation": 90, "texture": "#0"},
				"south": {"uv": [8, 0.5, 15, 1], "rotation": 90, "texture": "#0"},
				"west": {"uv": [8.5, 0, 14.5, 0.5], "rotation": 90, "texture": "#0"},
				"up": {"uv": [8, 0.5, 15, 1], "rotation": 90, "texture": "#0"},
				"down": {"uv": [14.5, 0.5, 15, 1], "rotation": 90, "texture": "#0"}
			}
		},
		{
			"name": "body",
			"from": [3.5, 11.5, 3.5],
			"to": [12.5, 20.5, 12.5],
			"rotation": {"angle": 0, "axis": "y", "origin": [8, 0, 8]},
			"faces": {
				"north": {"uv": [2.5, 6.5, 5.25, 9], "texture": "#0"},
				"east": {"uv": [0, 6.5, 2.5, 9], "texture": "#0"},
				"south": {"uv": [7.75, 6.5, 10, 9], "texture": "#0"},
				"west": {"uv": [5.25, 6.5, 7.75, 9], "texture": "#0"},
				"up": {"uv": [5.25, 6.5, 2.5, 4], "texture": "#0"},
				"down": {"uv": [7.5, 4, 5.25, 6.5], "texture": "#0"}
			}
		},
		{
			"name": "body_bottom",
			"from": [2.5, 0.5, 2.5],
			"to": [13.5, 11.5, 13.5],
			"rotation": {"angle": 0, "axis": "y", "origin": [8, 0, 8]},
			"faces": {
				"north": {"uv": [3, 12, 6, 15], "texture": "#0"},
				"east": {"uv": [6, 12, 9, 15], "texture": "#0"},
				"south": {"uv": [9, 12, 12, 15], "texture": "#0"},
				"west": {"uv": [0, 12, 3, 15], "texture": "#0"},
				"up": {"uv": [3, 9, 6, 12], "texture": "#0"},
				"down": {"uv": [6, 9, 9, 12], "texture": "#0"}
			}
		}
	],
	"display": {
		"thirdperson_righthand": {
			"rotation": [55, 0, 0],
			"translation": [0, 0.75, -2],
			"scale": [0.5, 0.5, 0.5]
		},
		"thirdperson_lefthand": {
			"rotation": [55, 0, 0],
			"translation": [0, 0.5, -1.75],
			"scale": [0.5, 0.5, 0.5]
		},
		"firstperson_righthand": {
			"scale": [0, 0, 0]
		},
		"firstperson_lefthand": {
			"scale": [0, 0, 0]
		},
		"ground": {
			"scale": [0.5, 0.5, 0.5]
		},
		"gui": {
			"rotation": [24, 154, 0],
			"translation": [0, -2.75, 0],
			"scale": [0.5, 0.5, 0.5]
		},
		"head": {
			"translation": [0, 10.25, 0],
			"scale": [0.45, 0.46, 0.46]
		},
		"fixed": {
			"translation": [0, -1.75, 0],
			"scale": [0.5, 0.5, 0.5]
		}
	}
}