{
	"credit": "Made with Blockbench",
	"texture_size": [48, 48],
	"textures": {
		"0": "frog",
		"particle": "frog"
	},
	"elements": [
		{
			"name": "head",
			"from": [3.5, 5, 4],
			"to": [10.5, 5, 13],
			"faces": {
				"north": {"uv": [10.66667, 7.33333, 13, 7.33333], "texture": "#0"},
				"east": {"uv": [7.66667, 7.33333, 10.66667, 7.33333], "texture": "#0"},
				"south": {"uv": [16, 7.33333, 18.33333, 7.33333], "texture": "#0"},
				"west": {"uv": [13, 7.33333, 16, 7.33333], "texture": "#0"},
				"up": {"uv": [13, 7.33333, 10.66667, 4.33333], "texture": "#0"},
				"down": {"uv": [15.33333, 4.33333, 13, 7.33333], "texture": "#0"}
			}
		},
		{
			"name": "head",
			"from": [3.5, 3, 4],
			"to": [10.5, 6, 13],
			"faces": {
				"north": {"uv": [3, 7.33333, 5.33333, 8.33333], "texture": "#0"},
				"east": {"uv": [0, 7.33333, 3, 8.33333], "texture": "#0"},
				"south": {"uv": [8.33333, 7.33333, 10.66667, 8.33333], "texture": "#0"},
				"west": {"uv": [5.33333, 7.33333, 8.33333, 8.33333], "texture": "#0"},
				"up": {"uv": [5.33333, 7.33333, 3, 4.33333], "texture": "#0"},
				"down": {"uv": [7.66667, 4.33333, 5.33333, 7.33333], "texture": "#0"}
			}
		},
		{
			"name": "eyes",
			"from": [7.5, 6, 5],
			"to": [10.5, 8, 8],
			"faces": {
				"north": {"uv": [1, 1, 2, 1.66667], "texture": "#0"},
				"east": {"uv": [0, 1, 1, 1.66667], "texture": "#0"},
				"south": {"uv": [3, 1, 4, 1.66667], "texture": "#0"},
				"west": {"uv": [2, 1, 3, 1.66667], "texture": "#0"},
				"up": {"uv": [2, 1, 1, 0], "texture": "#0"},
				"down": {"uv": [3, 0, 2, 1], "texture": "#0"}
			}
		},
		{
			"name": "eyes",
			"from": [3.5, 6, 5],
			"to": [6.5, 8, 8],
			"faces": {
				"north": {"uv": [1, 2.66667, 2, 3.33333], "texture": "#0"},
				"east": {"uv": [0, 2.66667, 1, 3.33333], "texture": "#0"},
				"south": {"uv": [3, 2.66667, 4, 3.33333], "texture": "#0"},
				"west": {"uv": [2, 2.66667, 3, 3.33333], "texture": "#0"},
				"up": {"uv": [2, 2.66667, 1, 1.66667], "texture": "#0"},
				"down": {"uv": [3, 1.66667, 2, 2.66667], "texture": "#0"}
			}
		},
		{
			"name": "tongue",
			"from": [5, 3.1, 5.9],
			"to": [9, 3.1, 12.9],
			"faces": {
				"north": {"uv": [8, 6.66667, 9.33333, 6.66667], "texture": "#0"},
				"east": {"uv": [5.66667, 6.66667, 8, 6.66667], "texture": "#0"},
				"south": {"uv": [11.66667, 6.66667, 13, 6.66667], "texture": "#0"},
				"west": {"uv": [9.33333, 6.66667, 11.66667, 6.66667], "texture": "#0"},
				"up": {"uv": [9.33333, 6.66667, 8, 4.33333], "texture": "#0"},
				"down": {"uv": [10.66667, 4.33333, 9.33333, 6.66667], "texture": "#0"}
			}
		},
		{
			"name": "body",
			"from": [3.5, 1, 4],
			"to": [10.5, 4, 13],
			"faces": {
				"north": {"uv": [4, 3.33333, 6.33333, 4.33333], "texture": "#0"},
				"east": {"uv": [1, 3.33333, 4, 4.33333], "texture": "#0"},
				"south": {"uv": [9.33333, 3.33333, 11.66667, 4.33333], "texture": "#0"},
				"west": {"uv": [6.33333, 3.33333, 9.33333, 4.33333], "texture": "#0"},
				"up": {"uv": [6.33333, 3.33333, 4, 0.33333], "texture": "#0"},
				"down": {"uv": [8.66667, 0.33333, 6.33333, 3.33333], "texture": "#0"}
			}
		},
		{
			"name": "body",
			"from": [3.5, 3, 4],
			"to": [10.5, 3, 13],
			"faces": {
				"north": {"uv": [10.66667, 10.33333, 13, 10.33333], "texture": "#0"},
				"east": {"uv": [7.66667, 10.33333, 10.66667, 10.33333], "texture": "#0"},
				"south": {"uv": [16, 10.33333, 18.33333, 10.33333], "texture": "#0"},
				"west": {"uv": [13, 10.33333, 16, 10.33333], "texture": "#0"},
				"up": {"uv": [13, 10.33333, 10.66667, 7.33333], "texture": "#0"},
				"down": {"uv": [15.33333, 7.33333, 13, 10.33333], "texture": "#0"}
			}
		},
		{
			"name": "croaking_body",
			"from": [3.6, 1.2, 4.2],
			"to": [10.4, 3, 7],
			"faces": {
				"north": {"uv": [9.66667, 2.66667, 12, 3.33333], "texture": "#0"},
				"east": {"uv": [8.66667, 2.66667, 9.66667, 3.33333], "texture": "#0"},
				"south": {"uv": [13, 2.66667, 15.33333, 3.33333], "texture": "#0"},
				"west": {"uv": [12, 2.66667, 13, 3.33333], "texture": "#0"},
				"up": {"uv": [12, 2.66667, 9.66667, 1.66667], "texture": "#0"},
				"down": {"uv": [14.33333, 1.66667, 12, 2.66667], "texture": "#0"}
			}
		},
		{
			"name": "left_arm",
			"from": [2, 0, 4.5],
			"to": [4, 3, 7.5],
			"faces": {
				"north": {"uv": [1, 11.66667, 1.66667, 12.66667], "texture": "#0"},
				"east": {"uv": [0, 11.66667, 1, 12.66667], "texture": "#0"},
				"south": {"uv": [2.66667, 11.66667, 3.33333, 12.66667], "texture": "#0"},
				"west": {"uv": [1.66667, 11.66667, 2.66667, 12.66667], "texture": "#0"},
				"up": {"uv": [1.66667, 11.66667, 1, 10.66667], "texture": "#0"},
				"down": {"uv": [2.33333, 10.66667, 1.66667, 11.66667], "texture": "#0"}
			}
		},
		{
			"name": "left_arm",
			"from": [-1, -0.01, 0.5],
			"to": [7, -0.01, 8.5],
			"faces": {
				"north": {"uv": [8.66667, 16, 11.33333, 16], "texture": "#0"},
				"east": {"uv": [6, 16, 8.66667, 16], "texture": "#0"},
				"south": {"uv": [14, 16, 16.66667, 16], "texture": "#0"},
				"west": {"uv": [11.33333, 16, 14, 16], "texture": "#0"},
				"up": {"uv": [11.33333, 16, 8.66667, 13.33333], "texture": "#0"},
				"down": {"uv": [14, 13.33333, 11.33333, 16], "texture": "#0"}
			}
		},
		{
			"name": "right_arm",
			"from": [10, 0, 4.5],
			"to": [12, 3, 7.5],
			"faces": {
				"north": {"uv": [1, 13.66667, 1.66667, 14.66667], "texture": "#0"},
				"east": {"uv": [0, 13.66667, 1, 14.66667], "texture": "#0"},
				"south": {"uv": [2.66667, 13.66667, 3.33333, 14.66667], "texture": "#0"},
				"west": {"uv": [1.66667, 13.66667, 2.66667, 14.66667], "texture": "#0"},
				"up": {"uv": [1.66667, 13.66667, 1, 12.66667], "texture": "#0"},
				"down": {"uv": [2.33333, 12.66667, 1.66667, 13.66667], "texture": "#0"}
			}
		},
		{
			"name": "right_arm",
			"from": [7, -0.01, 0.5],
			"to": [15, -0.01, 8.5],
			"faces": {
				"north": {"uv": [3.33333, 16, 6, 16], "texture": "#0"},
				"east": {"uv": [0.66667, 16, 3.33333, 16], "texture": "#0"},
				"south": {"uv": [8.66667, 16, 11.33333, 16], "texture": "#0"},
				"west": {"uv": [6, 16, 8.66667, 16], "texture": "#0"},
				"up": {"uv": [6, 16, 3.33333, 13.33333], "texture": "#0"},
				"down": {"uv": [8.66667, 13.33333, 6, 16], "texture": "#0"}
			}
		},
		{
			"name": "left_leg",
			"from": [1.5, 0, 10],
			"to": [4.5, 3, 14],
			"faces": {
				"north": {"uv": [6, 9.66667, 7, 10.66667], "texture": "#0"},
				"east": {"uv": [4.66667, 9.66667, 6, 10.66667], "texture": "#0"},
				"south": {"uv": [8.33333, 9.66667, 9.33333, 10.66667], "texture": "#0"},
				"west": {"uv": [7, 9.66667, 8.33333, 10.66667], "texture": "#0"},
				"up": {"uv": [7, 9.66667, 6, 8.33333], "texture": "#0"},
				"down": {"uv": [8, 8.33333, 7, 9.66667], "texture": "#0"}
			}
		},
		{
			"name": "left_leg",
			"from": [-2.5, -0.01, 8],
			"to": [5.5, -0.01, 16],
			"faces": {
				"north": {"uv": [3.33333, 13.33333, 6, 13.33333], "texture": "#0"},
				"east": {"uv": [0.66667, 13.33333, 3.33333, 13.33333], "texture": "#0"},
				"south": {"uv": [8.66667, 13.33333, 11.33333, 13.33333], "texture": "#0"},
				"west": {"uv": [6, 13.33333, 8.66667, 13.33333], "texture": "#0"},
				"up": {"uv": [6, 13.33333, 3.33333, 10.66667], "texture": "#0"},
				"down": {"uv": [8.66667, 10.66667, 6, 13.33333], "texture": "#0"}
			}
		},
		{
			"name": "right_leg",
			"from": [9.5, 0, 10],
			"to": [12.5, 3, 14],
			"faces": {
				"north": {"uv": [1.33333, 9.66667, 2.33333, 10.66667], "texture": "#0"},
				"east": {"uv": [0, 9.66667, 1.33333, 10.66667], "texture": "#0"},
				"south": {"uv": [3.66667, 9.66667, 4.66667, 10.66667], "texture": "#0"},
				"west": {"uv": [2.33333, 9.66667, 3.66667, 10.66667], "texture": "#0"},
				"up": {"uv": [2.33333, 9.66667, 1.33333, 8.33333], "texture": "#0"},
				"down": {"uv": [3.33333, 8.33333, 2.33333, 9.66667], "texture": "#0"}
			}
		},
		{
			"name": "right_leg",
			"from": [8.5, -0.01, 8],
			"to": [16.5, -0.01, 16],
			"faces": {
				"north": {"uv": [8.66667, 13.33333, 11.33333, 13.33333], "texture": "#0"},
				"east": {"uv": [6, 13.33333, 8.66667, 13.33333], "texture": "#0"},
				"south": {"uv": [14, 13.33333, 16.66667, 13.33333], "texture": "#0"},
				"west": {"uv": [11.33333, 13.33333, 14, 13.33333], "texture": "#0"},
				"up": {"uv": [11.33333, 13.33333, 8.66667, 10.66667], "texture": "#0"},
				"down": {"uv": [14, 10.66667, 11.33333, 13.33333], "texture": "#0"}
			}
		}
	],
	"display": {
		"thirdperson_righthand": {
			"translation": [0.5, 3.75, 0],
			"scale": [0.5, 0.5, 0.5]
		},
		"thirdperson_lefthand": {
			"translation": [-0.5, 3.5, 0],
			"scale": [0.5, 0.5, 0.5]
		},
		"firstperson_righthand": {
			"translation": [2.75, 3.25, 0]
		},
		"firstperson_lefthand": {
			"translation": [2.25, 3.25, 0]
		},
		"ground": {
			"translation": [0, 7.5, 0]
		},
		"gui": {
			"rotation": [20, 161, 0],
			"translation": [-1.5, 3.75, 0]
		},
		"head": {
			"translation": [1, 14.5, -0.75]
		},
		"fixed": {
			"translation": [0.75, 3.75, 0]
		}
	}
}