{
	"credit": "Made with Blockbench",
	"texture_size": [64, 32],
	"textures": {
		"0": "cat",
		"particle": "cat"
	},
	"elements": [
		{
			"name": "body",
			"from": [0, 2, 11],
			"to": [16, 6, 17],
			"rotation": {"angle": -22.5, "axis": "x", "origin": [9, 0, 7]},
			"faces": {
				"north": {"uv": [6.5, 3, 7.5, 11], "rotation": 90, "texture": "#0"},
				"east": {"uv": [8.5, 0, 7.5, 3], "rotation": 90, "texture": "#0"},
				"south": {"uv": [9, 3, 10, 11], "rotation": 270, "texture": "#0"},
				"west": {"uv": [8.5, 0, 7.5, 3], "rotation": 90, "texture": "#0"},
				"up": {"uv": [5, 3, 6.5, 11], "rotation": 270, "texture": "#0"},
				"down": {"uv": [7.5, 3, 9, 11], "rotation": 270, "texture": "#0"}
			}
		},
		{
			"name": "front_left_leg",
			"from": [12, 6.1, 1.9],
			"to": [14, 8.1, 11.9],
			"rotation": {"angle": -22.5, "axis": "y", "origin": [9, 0, 7]},
			"faces": {
				"north": {"uv": [11.5, 0, 11, 1], "rotation": 90, "texture": "#0"},
				"east": {"uv": [10.5, 1, 11, 6], "rotation": 270, "texture": "#0"},
				"south": {"uv": [11, 2, 10.5, 1], "rotation": 90, "texture": "#0"},
				"west": {"uv": [11.5, 1, 12, 6], "rotation": 90, "texture": "#0"},
				"up": {"uv": [11, 1, 11.5, 6], "rotation": 180, "texture": "#0"},
				"down": {"uv": [10, 1, 10.5, 6], "texture": "#0"}
			}
		},
		{
			"name": "front_right_leg",
			"from": [12, 2.9, 1.9],
			"to": [14, 4.9, 11.9],
			"rotation": {"angle": -22.5, "axis": "y", "origin": [9, 0, 7]},
			"faces": {
				"north": {"uv": [11.5, 0, 11, 1], "rotation": 90, "texture": "#0"},
				"east": {"uv": [10.5, 1, 11, 6], "rotation": 270, "texture": "#0"},
				"south": {"uv": [11, 2, 10.5, 1], "rotation": 90, "texture": "#0"},
				"west": {"uv": [11.5, 1, 12, 6], "rotation": 90, "texture": "#0"},
				"up": {"uv": [11, 1, 11.5, 6], "rotation": 180, "texture": "#0"},
				"down": {"uv": [10, 1, 10.5, 6], "texture": "#0"}
			}
		},
		{
			"name": "back_left_leg",
			"from": [1, 5.1, 7],
			"to": [3, 7.1, 13],
			"rotation": {"angle": -22.5, "axis": "x", "origin": [9, 0, 7]},
			"faces": {
				"north": {"uv": [3.5, 6.5, 3, 7.5], "rotation": 90, "texture": "#0"},
				"east": {"uv": [2.5, 7.5, 3, 10.5], "rotation": 270, "texture": "#0"},
				"south": {"uv": [3, 8.5, 2.5, 7.5], "rotation": 90, "texture": "#0"},
				"west": {"uv": [3.5, 7.5, 4, 10.5], "rotation": 90, "texture": "#0"},
				"up": {"uv": [3, 7.5, 3.5, 10.5], "rotation": 180, "texture": "#0"},
				"down": {"uv": [2, 7.5, 2.5, 10.5], "texture": "#0"}
			}
		},
		{
			"name": "back_right_leg",
			"from": [1, 0.9, 7],
			"to": [3, 2.9, 13],
			"rotation": {"angle": -22.5, "axis": "x", "origin": [9, 0, 7]},
			"faces": {
				"north": {"uv": [3.5, 6.5, 3, 7.5], "rotation": 90, "texture": "#0"},
				"east": {"uv": [2.5, 7.5, 3, 10.5], "rotation": 270, "texture": "#0"},
				"south": {"uv": [3, 8.5, 2.5, 7.5], "rotation": 90, "texture": "#0"},
				"west": {"uv": [3.5, 7.5, 4, 10.5], "rotation": 90, "texture": "#0"},
				"up": {"uv": [3, 7.5, 3.5, 10.5], "rotation": 180, "texture": "#0"},
				"down": {"uv": [2, 7.5, 2.5, 10.5], "texture": "#0"}
			}
		},
		{
			"name": "tail",
			"from": [-0.53284, 6.17878, 5.5],
			"to": [0.46716, 7.17878, 13.5],
			"rotation": {"angle": 22.5, "axis": "y", "origin": [-2, 0, 14]},
			"faces": {
				"north": {"uv": [0.75, 7.5, 0.5, 8], "rotation": 90, "texture": "#0"},
				"east": {"uv": [0.25, 8, 0.5, 12], "rotation": 270, "texture": "#0"},
				"south": {"uv": [0.5, 8, 0.25, 7.5], "rotation": 90, "texture": "#0"},
				"west": {"uv": [0.75, 8, 1, 12], "rotation": 90, "texture": "#0"},
				"up": {"uv": [0.5, 8, 0.75, 12], "rotation": 180, "texture": "#0"},
				"down": {"uv": [0, 8, 0.25, 12], "texture": "#0"}
			}
		},
		{
			"name": "tail2",
			"from": [-7.53284, 6.17878, -5.5],
			"to": [-6.53284, 7.17878, 2.5],
			"rotation": {"angle": -22.5, "axis": "y", "origin": [-12, 0, 14]},
			"faces": {
				"north": {"uv": [1.75, 7.5, 1.5, 8], "rotation": 90, "texture": "#0"},
				"east": {"uv": [1.25, 8, 1.5, 12], "rotation": 270, "texture": "#0"},
				"south": {"uv": [1.5, 8, 1.25, 7.5], "rotation": 90, "texture": "#0"},
				"west": {"uv": [1.75, 8, 2, 12], "rotation": 90, "texture": "#0"},
				"up": {"uv": [1.5, 8, 1.75, 12], "rotation": 180, "texture": "#0"},
				"down": {"uv": [1, 8, 1.25, 12], "texture": "#0"}
			}
		},
		{
			"name": "head",
			"from": [10, 4, 18],
			"to": [12, 5, 19],
			"rotation": {"angle": 45, "axis": "y", "origin": [9, 0, 7]},
			"faces": {
				"north": {"uv": [1, 5, 0.75, 6], "rotation": 90, "texture": "#0"},
				"east": {"uv": [0.5, 6, 0.75, 6.5], "rotation": 270, "texture": "#0"},
				"south": {"uv": [0.75, 6, 0.5, 5], "rotation": 90, "texture": "#0"},
				"west": {"uv": [1.25, 6, 1.5, 6.5], "rotation": 90, "texture": "#0"},
				"up": {"uv": [0.75, 6, 1.25, 6.5], "rotation": 180, "texture": "#0"},
				"down": {"uv": [0, 6, 0.5, 6.5], "texture": "#0"}
			}
		},
		{
			"name": "head",
			"from": [10, 7, 18],
			"to": [12, 8, 19],
			"rotation": {"angle": 45, "axis": "y", "origin": [9, 0, 7]},
			"faces": {
				"north": {"uv": [2.5, 5, 2.25, 6], "rotation": 90, "texture": "#0"},
				"east": {"uv": [2, 6, 2.25, 6.5], "rotation": 270, "texture": "#0"},
				"south": {"uv": [2.25, 6, 2, 5], "rotation": 90, "texture": "#0"},
				"west": {"uv": [2.75, 6, 3, 6.5], "rotation": 90, "texture": "#0"},
				"up": {"uv": [2.25, 6, 2.75, 6.5], "rotation": 180, "texture": "#0"},
				"down": {"uv": [1.5, 6, 2, 6.5], "texture": "#0"}
			}
		},
		{
			"name": "head",
			"from": [14, 4.5, 14.02],
			"to": [16, 7.5, 16.02],
			"rotation": {"angle": 45, "axis": "y", "origin": [9, 0, 7]},
			"faces": {
				"north": {"uv": [2, 12, 1.25, 13], "rotation": 90, "texture": "#0"},
				"east": {"uv": [0.5, 13, 1.25, 14], "rotation": 270, "texture": "#0"},
				"south": {"uv": [1.25, 13, 0.5, 12], "rotation": 90, "texture": "#0"},
				"west": {"uv": [1.75, 13, 2.5, 14], "rotation": 90, "texture": "#0"},
				"up": {"uv": [1.25, 13, 1.75, 14], "rotation": 180, "texture": "#0"},
				"down": {"uv": [0, 13, 0.5, 14], "texture": "#0"}
			}
		},
		{
			"name": "head",
			"from": [10, 3.5, 14],
			"to": [15, 8.5, 18],
			"rotation": {"angle": 45, "axis": "y", "origin": [9, 0, 7]},
			"faces": {
				"north": {"uv": [3.75, 0, 2.5, 2.5], "rotation": 90, "texture": "#0"},
				"east": {"uv": [1.25, 2.5, 2.5, 4.5], "rotation": 270, "texture": "#0"},
				"south": {"uv": [2.5, 2.5, 1.25, 0], "rotation": 90, "texture": "#0"},
				"west": {"uv": [3.75, 2.5, 5, 4.5], "rotation": 90, "texture": "#0"},
				"up": {"uv": [2.5, 2.5, 3.75, 4.5], "rotation": 180, "texture": "#0"},
				"down": {"uv": [0, 2.5, 1.25, 4.5], "texture": "#0"}
			}
		}
	],
	"display": {
		"thirdperson_righthand": {
			"translation": [0, 2.75, 0],
			"scale": [0.5, 0.5, 0.5]
		},
		"thirdperson_lefthand": {
			"translation": [0, 1.5, 0],
			"scale": [0.52, 0.52, 0.52]
		},
		"firstperson_righthand": {
			"rotation": [0, -161, 0],
			"translation": [2.5, 4, 1.5],
			"scale": [0.52, 0.52, 0.52]
		},
		"firstperson_lefthand": {
			"rotation": [-171, -23, 13],
			"translation": [1.25, 2.25, 3],
			"scale": [0.5, 0.5, 0.51]
		},
		"ground": {
			"translation": [0, 4.75, 0]
		},
		"gui": {
			"rotation": [23, -162, 0],
			"scale": [0.5, 0.5, 0.5]
		},
		"head": {
			"translation": [0, -3.5, 0.75]
		},
		"fixed": {
			"rotation": [-89, 0, 0],
			"translation": [0, -3.25, -2.5]
		}
	},
	"groups": [
		0,
		1,
		2,
		3,
		4,
		5,
		6,
		{
			"name": "group",
			"origin": [9, 0, 7],
			"color": 0,
			"children": [7, 8, 9, 10]
		}
	]
}