{
	"credit": "Made with Blockbench",
	"texture_size": [32, 32],
	"textures": {
		"0": "allay",
		"particle": "allay"
	},
	"elements": [
		{
			"name": "head",
			"from": [5.5, 6, 4.5],
			"to": [10.5, 11, 9.5],
			"rotation": {"angle": -22.5, "axis": "x", "origin": [8, 8, 7]},
			"faces": {
				"north": {"uv": [2.5, 2.5, 5, 5], "texture": "#0"},
				"east": {"uv": [0, 2.5, 2.5, 5], "texture": "#0"},
				"south": {"uv": [7.5, 2.5, 10, 5], "texture": "#0"},
				"west": {"uv": [5, 2.5, 7.5, 5], "texture": "#0"},
				"up": {"uv": [5, 2.5, 2.5, 0], "texture": "#0"},
				"down": {"uv": [7.5, 0, 5, 2.5], "texture": "#0"}
			}
		},
		{
			"name": "body",
			"from": [6.5, 2, 7],
			"to": [9.5, 6, 9],
			"faces": {
				"north": {"uv": [1, 6, 2.5, 8], "texture": "#0"},
				"east": {"uv": [0, 6, 1, 8], "texture": "#0"},
				"south": {"uv": [3.5, 6, 5, 8], "texture": "#0"},
				"west": {"uv": [2.5, 6, 3.5, 8], "texture": "#0"},
				"up": {"uv": [2.5, 6, 1, 5], "texture": "#0"},
				"down": {"uv": [4, 5, 2.5, 6], "texture": "#0"}
			}
		},
		{
			"name": "body",
			"from": [6.7, 1.2, 7.2],
			"to": [9.3, 5.8, 8.8],
			"faces": {
				"north": {"uv": [1, 9, 2.5, 11.5], "texture": "#0"},
				"east": {"uv": [0, 9, 1, 11.5], "texture": "#0"},
				"south": {"uv": [3.5, 9, 5, 11.5], "texture": "#0"},
				"west": {"uv": [2.5, 9, 3.5, 11.5], "texture": "#0"},
				"up": {"uv": [2.5, 9, 1, 8], "texture": "#0"},
				"down": {"uv": [4, 8, 2.5, 9], "texture": "#0"}
			}
		},
		{
			"name": "right_arm",
			"from": [9.5, 3, 5],
			"to": [10.5, 5, 9],
			"rotation": {"angle": -22.5, "axis": "x", "origin": [10, 4, 7]},
			"faces": {
				"north": {"uv": [13.5, 0, 13, 1], "rotation": 180, "texture": "#0"},
				"east": {"uv": [11.5, 1, 12.5, 3], "rotation": 270, "texture": "#0"},
				"south": {"uv": [13, 1, 12.5, 0], "texture": "#0"},
				"west": {"uv": [13, 1, 14, 3], "rotation": 90, "texture": "#0"},
				"up": {"uv": [12.5, 1, 13, 3], "rotation": 180, "texture": "#0"},
				"down": {"uv": [14, 1, 14.5, 3], "texture": "#0"}
			}
		},
		{
			"name": "left_arm",
			"from": [5.5, 3, 5],
			"to": [6.5, 5, 9],
			"rotation": {"angle": -22.5, "axis": "x", "origin": [6, 4, 7]},
			"faces": {
				"north": {"uv": [13.5, 3, 13, 4], "rotation": 180, "texture": "#0"},
				"east": {"uv": [11.5, 4, 12.5, 6], "rotation": 270, "texture": "#0"},
				"south": {"uv": [13, 4, 12.5, 3], "texture": "#0"},
				"west": {"uv": [13, 4, 14, 6], "rotation": 90, "texture": "#0"},
				"up": {"uv": [12.5, 4, 13, 6], "rotation": 180, "texture": "#0"},
				"down": {"uv": [14, 4, 14.5, 6], "texture": "#0"}
			}
		},
		{
			"name": "left_wing",
			"from": [-1.5, 0, 10.5],
			"to": [6.5, 5, 10.5],
			"rotation": {"angle": 22.5, "axis": "y", "origin": [3, 0, 10]},
			"faces": {
				"north": {"uv": [12, 11, 8, 13.5], "texture": "#0"},
				"east": {"uv": [12, 11, 12, 13.5], "texture": "#0"},
				"south": {"uv": [8, 11, 12, 13.5], "texture": "#0"},
				"west": {"uv": [16, 11, 16, 13.5], "texture": "#0"},
				"up": {"uv": [12, 11, 12, 7], "rotation": 90, "texture": "#0"},
				"down": {"uv": [12, 7, 12, 11], "rotation": 270, "texture": "#0"}
			}
		},
		{
			"name": "right_wing",
			"from": [9, 0, 10.5],
			"to": [17, 5, 10.5],
			"rotation": {"angle": -22.5, "axis": "y", "origin": [13, 0, 11]},
			"faces": {
				"north": {"uv": [8, 11, 12, 13.5], "texture": "#0"},
				"east": {"uv": [16, 11, 16, 13.5], "texture": "#0"},
				"south": {"uv": [12, 11, 8, 13.5], "texture": "#0"},
				"west": {"uv": [12, 11, 12, 13.5], "texture": "#0"},
				"up": {"uv": [12, 11, 12, 7], "rotation": 270, "texture": "#0"},
				"down": {"uv": [12, 7, 12, 11], "rotation": 90, "texture": "#0"}
			}
		}
	],
	"display": {
		"thirdperson_righthand": {
			"rotation": [65, 0, 0],
			"translation": [0, 2.5, 1.75],
			"scale": [0.5, 0.5, 0.5]
		},
		"thirdperson_lefthand": {
			"rotation": [65, 0, 0],
			"translation": [0, 1.5, 0.75],
			"scale": [0.5, 0.5, 0.5]
		},
		"firstperson_righthand": {
			"rotation": [0, 136, 0],
			"translation": [2.25, 2.75, 0]
		},
		"firstperson_lefthand": {
			"rotation": [0, 136, 0],
			"translation": [2, 3, 0]
		},
		"ground": {
			"translation": [0, 5.75, 0]
		},
		"gui": {
			"rotation": [24, 149, 0],
			"translation": [-2, 3, 0]
		},
		"head": {
			"translation": [0, 10.75, 6.75]
		}
	}
}