{
	"credit": "Made with Blockbench",
	"texture_size": [64, 32],
	"textures": {
		"0": "silverfish"
	},
	"elements": [
		{
			"name": "body1",
			"from": [6.5, 0, 1],
			"to": [9.5, 2, 3],
			"rotation": {"angle": 0, "axis": "y", "origin": [8, 0, 9]},
			"faces": {
				"north": {"uv": [0.5, 1, 1.25, 2], "texture": "#0"},
				"east": {"uv": [0, 1, 0.5, 2], "texture": "#0"},
				"south": {"uv": [1.75, 1, 2.5, 2], "texture": "#0"},
				"west": {"uv": [1.25, 1, 1.75, 2], "texture": "#0"},
				"up": {"uv": [1.25, 1, 0.5, 0], "texture": "#0"},
				"down": {"uv": [2, 0, 1.25, 1], "texture": "#0"}
			}
		},
		{
			"name": "body2",
			"from": [6, 0, 3],
			"to": [10, 3, 5],
			"rotation": {"angle": 0, "axis": "y", "origin": [8, 0, 9]},
			"faces": {
				"north": {"uv": [0.5, 3, 1.5, 4.5], "texture": "#0"},
				"east": {"uv": [0, 3, 0.5, 4.5], "texture": "#0"},
				"south": {"uv": [2, 3, 3, 4.5], "texture": "#0"},
				"west": {"uv": [1.5, 3, 2, 4.5], "texture": "#0"},
				"up": {"uv": [1.5, 3, 0.5, 2], "texture": "#0"},
				"down": {"uv": [2.5, 2, 1.5, 3], "texture": "#0"}
			}
		},
		{
			"name": "body3",
			"from": [5, 0, 5],
			"to": [11, 4, 8],
			"rotation": {"angle": 0, "axis": "y", "origin": [8, 0, 9]},
			"faces": {
				"north": {"uv": [0.75, 6, 2.25, 8], "texture": "#0"},
				"east": {"uv": [0, 6, 0.75, 8], "texture": "#0"},
				"south": {"uv": [3, 6, 4.5, 8], "texture": "#0"},
				"west": {"uv": [2.25, 6, 3, 8], "texture": "#0"},
				"up": {"uv": [2.25, 6, 0.75, 4.5], "texture": "#0"},
				"down": {"uv": [3.75, 4.5, 2.25, 6], "texture": "#0"}
			}
		},
		{
			"name": "body4",
			"from": [6.5, 0, 8],
			"to": [9.5, 3, 11],
			"rotation": {"angle": 0, "axis": "y", "origin": [8, 0, 9]},
			"faces": {
				"north": {"uv": [0.75, 9.5, 1.5, 11], "texture": "#0"},
				"east": {"uv": [0, 9.5, 0.75, 11], "texture": "#0"},
				"south": {"uv": [2.25, 9.5, 3, 11], "texture": "#0"},
				"west": {"uv": [1.5, 9.5, 2.25, 11], "texture": "#0"},
				"up": {"uv": [1.5, 9.5, 0.75, 8], "texture": "#0"},
				"down": {"uv": [2.25, 8, 1.5, 9.5], "texture": "#0"}
			}
		},
		{
			"name": "body5",
			"from": [7, 0, 11],
			"to": [9, 2, 14],
			"rotation": {"angle": 0, "axis": "y", "origin": [8, 0, 9]},
			"faces": {
				"north": {"uv": [0.75, 12.5, 1.25, 13.5], "texture": "#0"},
				"east": {"uv": [0, 12.5, 0.75, 13.5], "texture": "#0"},
				"south": {"uv": [2, 12.5, 2.5, 13.5], "texture": "#0"},
				"west": {"uv": [1.25, 12.5, 2, 13.5], "texture": "#0"},
				"up": {"uv": [1.25, 12.5, 0.75, 11], "texture": "#0"},
				"down": {"uv": [1.75, 11, 1.25, 12.5], "texture": "#0"}
			}
		},
		{
			"name": "body6",
			"from": [7, 0, 14],
			"to": [9, 1, 16],
			"rotation": {"angle": 0, "axis": "y", "origin": [8, 0, 9]},
			"faces": {
				"north": {"uv": [3.25, 1, 3.75, 1.5], "texture": "#0"},
				"east": {"uv": [2.75, 1, 3.25, 1.5], "texture": "#0"},
				"south": {"uv": [4.25, 1, 4.75, 1.5], "texture": "#0"},
				"west": {"uv": [3.75, 1, 4.25, 1.5], "texture": "#0"},
				"up": {"uv": [3.75, 1, 3.25, 0], "texture": "#0"},
				"down": {"uv": [4.25, 0, 3.75, 1], "texture": "#0"}
			}
		},
		{
			"name": "body7",
			"from": [7.5, 0, 16],
			"to": [8.5, 1, 18],
			"rotation": {"angle": 0, "axis": "y", "origin": [8, 0, 9]},
			"faces": {
				"north": {"uv": [3.75, 3, 4, 3.5], "texture": "#0"},
				"east": {"uv": [3.25, 3, 3.75, 3.5], "texture": "#0"},
				"south": {"uv": [4.5, 3, 4.75, 3.5], "texture": "#0"},
				"west": {"uv": [4, 3, 4.5, 3.5], "texture": "#0"},
				"up": {"uv": [4, 3, 3.75, 2], "texture": "#0"},
				"down": {"uv": [4.25, 2, 4, 3], "texture": "#0"}
			}
		},
		{
			"name": "wing1",
			"from": [3, 0, 5],
			"to": [13, 8, 8],
			"rotation": {"angle": 0, "axis": "y", "origin": [8, 0, 9]},
			"faces": {
				"north": {"uv": [5.75, 1.5, 8.25, 5.5], "texture": "#0"},
				"east": {"uv": [5, 1.5, 5.75, 5.5], "texture": "#0"},
				"south": {"uv": [9, 1.5, 11.5, 5.5], "texture": "#0"},
				"west": {"uv": [8.25, 1.5, 9, 5.5], "texture": "#0"},
				"up": {"uv": [8.25, 1.5, 5.75, 0], "texture": "#0"},
				"down": {"uv": [10.75, 0, 8.25, 1.5], "texture": "#0"}
			}
		},
		{
			"name": "wing2",
			"from": [5, 0, 11],
			"to": [11, 4, 14],
			"rotation": {"angle": 0, "axis": "y", "origin": [8, 0, 9]},
			"faces": {
				"north": {"uv": [5.75, 7, 7.25, 9], "texture": "#0"},
				"east": {"uv": [5, 7, 5.75, 9], "texture": "#0"},
				"south": {"uv": [8, 7, 9.5, 9], "texture": "#0"},
				"west": {"uv": [7.25, 7, 8, 9], "texture": "#0"},
				"up": {"uv": [7.25, 7, 5.75, 5.5], "texture": "#0"},
				"down": {"uv": [8.75, 5.5, 7.25, 7], "texture": "#0"}
			}
		},
		{
			"name": "wing3",
			"from": [5, 0, 2.5],
			"to": [11, 5, 4.5],
			"rotation": {"angle": 0, "axis": "y", "origin": [8, 0, 9]},
			"faces": {
				"north": {"uv": [5.5, 10, 7, 12.5], "texture": "#0"},
				"east": {"uv": [5, 10, 5.5, 12.5], "texture": "#0"},
				"south": {"uv": [7.5, 10, 9, 12.5], "texture": "#0"},
				"west": {"uv": [7, 10, 7.5, 12.5], "texture": "#0"},
				"up": {"uv": [7, 10, 5.5, 9], "texture": "#0"},
				"down": {"uv": [8.5, 9, 7, 10], "texture": "#0"}
			}
		}
	],
	"display": {
		"thirdperson_righthand": {
			"scale": [0, 0, 0]
		},
		"thirdperson_lefthand": {
			"scale": [0, 0, 0]
		},
		"firstperson_righthand": {
			"rotation": [0, 126, 0],
			"translation": [0, 6.5, 2.5],
			"scale": [0.46, 0.47, 0.47]
		},
		"firstperson_lefthand": {
			"rotation": [0, 143, 0],
			"translation": [3, 5.5, 0],
			"scale": [0.46, 0.47, 0.48]
		},
		"ground": {
			"translation": [0, 1, 0],
			"scale": [0.52, 0.52, 0.52]
		},
		"gui": {
			"rotation": [22, 156, 0],
			"translation": [0, 6, 0]
		},
		"head": {
			"rotation": [0, 16, 90],
			"translation": [-10.25, 0.25, -0.25],
			"scale": [0.64, 0.64, 0.64]
		},
		"fixed": {
			"rotation": [-90, 0, 0],
			"translation": [0, -1.5, -7.75]
		}
	},
	"groups": [
		{
			"name": "body1",
			"origin": [0, 2, -7],
			"color": 0,
			"children": [0]
		},
		{
			"name": "body2",
			"origin": [0, 3, -5],
			"color": 0,
			"children": [1]
		},
		{
			"name": "body3",
			"origin": [0, 4, -2.5],
			"color": 0,
			"children": [2]
		},
		{
			"name": "body4",
			"origin": [0, 3, 0.5],
			"color": 0,
			"children": [3]
		},
		{
			"name": "body5",
			"origin": [0, 2, 3.5],
			"color": 0,
			"children": [4]
		},
		{
			"name": "body6",
			"origin": [0, 1, 6],
			"color": 0,
			"children": [5]
		},
		{
			"name": "body7",
			"origin": [0, 1, 8],
			"color": 0,
			"children": [6]
		},
		{
			"name": "wing1",
			"origin": [0, 8, -2.5],
			"color": 0,
			"children": [7]
		},
		{
			"name": "wing2",
			"origin": [0, 4, 3.5],
			"color": 0,
			"children": [8]
		},
		{
			"name": "wing3",
			"origin": [0, 5, -5],
			"color": 0,
			"children": [9]
		}
	]
}