{
	"credit": "Made with Blockbench",
	"parent": "models/item/shield",
	"ambientocclusion": false,
	"textures": {
		"back": "./executor_buckler_shield_shape",
		"base": "./executor_shield"
	},
	"elements": [
		{
			"name": "Shield",
			"from": [0, 7, 7],
			"to": [12, 23, 8],
			"faces": {
				"north": {"uv": [0, 0, 12, 16], "texture": "#base"},
				"south": {"uv": [12, 0, 0, 16], "texture": "#back"}
			}
		},
		{
			"name": "Shield Bottom",
			"from": [2, 4, 7],
			"to": [10, 7, 8],
			"faces": {
				"north": {"uv": [13, 0, 16, 8], "rotation": 90, "texture": "#base"},
				"south": {"uv": [13, 0, 16, 8], "rotation": 90, "texture": "#back"}
			}
		},
		{
			"name": "Shield Top part",
			"from": [1, 22, 7],
			"to": [11, 23, 8],
			"faces": {
				"east": {"uv": [1, 0, 2, 1], "texture": "#base"},
				"west": {"uv": [10, 0, 11, 1], "texture": "#base"},
				"up": {"uv": [11, 0, 1, 1], "texture": "#base"}
			}
		},
		{
			"name": "Shield Top part",
			"from": [4, 4, 7],
			"to": [8, 5, 8],
			"faces": {
				"east": {"uv": [15, 2, 16, 3], "texture": "#base"},
				"west": {"uv": [14, 6, 15, 7], "texture": "#base"},
				"down": {"uv": [15, 2, 16, 6], "rotation": 90, "texture": "#base"}
			}
		},
		{
			"name": "Shield West Top part",
			"from": [11, 16, 7],
			"to": [12, 22, 8],
			"faces": {
				"east": {"uv": [0, 1, 1, 7], "texture": "#base"},
				"up": {"uv": [1, 1, 0, 2], "texture": "#base"},
				"down": {"uv": [0, 6, 1, 7], "texture": "#base"}
			}
		},
		{
			"name": "Shield West part",
			"from": [11, 11, 7],
			"to": [12, 15, 8],
			"faces": {
				"east": {"uv": [0, 8, 1, 12], "texture": "#base"},
				"up": {"uv": [1, 8, 0, 9], "texture": "#base"},
				"down": {"uv": [0, 11, 1, 12], "texture": "#base"}
			}
		},
		{
			"name": "Shield West Cube part",
			"from": [10, 15, 7],
			"to": [11, 16, 8],
			"faces": {
				"east": {"uv": [1, 7, 2, 8], "texture": "#base"}
			}
		},
		{
			"name": "Shield West Bottom part",
			"from": [10, 8, 7],
			"to": [11, 11, 8],
			"faces": {
				"east": {"uv": [1, 12, 2, 15], "texture": "#base"},
				"down": {"uv": [1, 14, 2, 15], "texture": "#base"}
			}
		},
		{
			"name": "Shield West Bottom part 1",
			"from": [9, 6, 7],
			"to": [10, 8, 8],
			"faces": {
				"east": {"uv": [11, 4, 12, 6], "texture": "#base"},
				"down": {"uv": [13, 7, 14, 8], "texture": "#base"}
			}
		},
		{
			"name": "Shield West Bottom part 2",
			"from": [8, 5, 7],
			"to": [9, 6, 8],
			"faces": {
				"east": {"uv": [1, 7, 2, 8], "texture": "#base"},
				"down": {"uv": [14, 6, 15, 7], "texture": "#base"}
			}
		},
		{
			"name": "Shield East Top part",
			"from": [0, 16, 7],
			"to": [1, 22, 8],
			"faces": {
				"west": {"uv": [11, 1, 12, 7], "texture": "#base"},
				"up": {"uv": [12, 1, 11, 2], "texture": "#base"},
				"down": {"uv": [11, 6, 12, 7], "texture": "#base"}
			}
		},
		{
			"name": "Shield East part",
			"from": [0, 11, 7],
			"to": [1, 15, 8],
			"faces": {
				"west": {"uv": [11, 8, 12, 12], "texture": "#base"},
				"up": {"uv": [12, 8, 11, 9], "texture": "#base"},
				"down": {"uv": [11, 11, 12, 12], "texture": "#base"}
			}
		},
		{
			"name": "Shield East Cube part",
			"from": [1, 15, 7],
			"to": [2, 16, 8],
			"faces": {
				"west": {"uv": [10, 7, 11, 8], "texture": "#base"}
			}
		},
		{
			"name": "Shield East Bottom part",
			"from": [1, 8, 7],
			"to": [2, 11, 8],
			"faces": {
				"west": {"uv": [10, 12, 11, 15], "texture": "#base"},
				"down": {"uv": [10, 14, 11, 15], "texture": "#base"}
			}
		},
		{
			"name": "Shield East Bottom part 1",
			"from": [2, 6, 7],
			"to": [3, 8, 8],
			"faces": {
				"west": {"uv": [10, 13, 11, 15], "texture": "#base"},
				"down": {"uv": [10, 14, 11, 15], "texture": "#base"}
			}
		},
		{
			"name": "Shield East Bottom part 2",
			"from": [3, 5, 7],
			"to": [4, 6, 8],
			"faces": {
				"west": {"uv": [10, 7, 11, 8], "texture": "#base"},
				"down": {"uv": [14, 1, 15, 2], "texture": "#base"}
			}
		}
	],
	"gui_light": "front",
	"overrides": [],
	"display": {
		"thirdperson_righthand": {
			"rotation": [40, -19, 0],
			"translation": [1.5, -6.5, -5],
			"scale": [1.01, 1.01, 1.01]
		},
		"thirdperson_lefthand": {
			"rotation": [40, -19, 0],
			"translation": [-2.75, -5.75, -6.5],
			"scale": [1.01, 1.01, 1.01]
		},
		"firstperson_righthand": {
			"rotation": [0, 0, 15],
			"translation": [1, -8.5, 1]
		},
		"firstperson_lefthand": {
			"rotation": [0, 0, 15],
			"translation": [-3, -9.5, 1]
		},
		"ground": {
			"translation": [0, -1.5, 0],
			"scale": [0.5, 0.5, 0.5]
		},
		"gui": {
			"rotation": [0, -180, 0],
			"translation": [-1.5, -4.5, 0],
			"scale": [0.83, 0.83, 0.83]
		},
		"head": {
			"translation": [0, 6, -7]
		},
		"fixed": {
			"translation": [2, -5.75, 0]
		}
	}
}