{
	"credit": "Made with Blockbench",
	"parent": "models/item/shield",
	"ambientocclusion": false,
	"textures": {
		"2": "./18_stone_shield"
	},
	"elements": [
		{
			"from": [3, 11, 2],
			"to": [17, 15, 3],
			"faces": {
				"north": {"uv": [3.5, 8.5, 10.5, 10.5], "texture": "#2"},
				"east": {"uv": [3.5, 8.5, 4, 10.5], "texture": "#2"},
				"south": {"uv": [10.5, 8.5, 3.5, 10.5], "texture": "#2"},
				"west": {"uv": [10, 10, 10.5, 10.5], "texture": "#2"},
				"up": {"uv": [3.5, 8.5, 4, 9], "texture": "#2"},
				"down": {"uv": [3.5, 10, 4, 10.5], "texture": "#2"}
			}
		},
		{
			"from": [2, 12, 2],
			"to": [3, 15, 3],
			"faces": {
				"north": {"uv": [10.5, 8.5, 11, 10], "texture": "#2"},
				"east": {"uv": [0, 0, 1, 3], "texture": "#missing"},
				"south": {"uv": [11, 8.5, 10.5, 10], "texture": "#2"},
				"west": {"uv": [10.5, 9.5, 11, 10], "texture": "#2"},
				"up": {"uv": [0, 0, 1, 1], "texture": "#missing"},
				"down": {"uv": [10.5, 9.5, 11, 10], "texture": "#2"}
			}
		},
		{
			"from": [1, 13, 2],
			"to": [2, 15, 3],
			"faces": {
				"north": {"uv": [11, 8.5, 11.5, 9.5], "texture": "#2"},
				"east": {"uv": [0, 0, 1, 2], "texture": "#missing"},
				"south": {"uv": [11.5, 8.5, 11, 9.5], "texture": "#2"},
				"west": {"uv": [11, 9, 11.5, 9.5], "texture": "#2"},
				"up": {"uv": [0, 0, 1, 1], "texture": "#missing"},
				"down": {"uv": [11, 9, 11.5, 9.5], "texture": "#2"}
			}
		},
		{
			"from": [0, 14, 2],
			"to": [1, 15, 3],
			"faces": {
				"north": {"uv": [11.5, 8.5, 12, 9], "texture": "#2"},
				"east": {"uv": [0, 0, 1, 1], "texture": "#missing"},
				"south": {"uv": [11.5, 8.5, 12, 9], "texture": "#2"},
				"west": {"uv": [11.5, 8.5, 12, 9], "texture": "#2"},
				"up": {"uv": [0, 0, 1, 1], "texture": "#missing"},
				"down": {"uv": [11.5, 8.5, 12, 9], "texture": "#2"}
			}
		},
		{
			"from": [-2, 16, 2],
			"to": [-1, 20, 3],
			"faces": {
				"north": {"uv": [12.5, 6, 13, 8], "texture": "#2"},
				"east": {"uv": [0, 0, 1, 4], "texture": "#missing"},
				"south": {"uv": [13, 6, 12.5, 8], "texture": "#2"},
				"west": {"uv": [12.5, 6, 13, 8], "texture": "#2"},
				"up": {"uv": [12.5, 6, 13, 6.5], "texture": "#2"},
				"down": {"uv": [12.5, 7.5, 13, 8], "texture": "#2"}
			}
		},
		{
			"from": [3, 20, 2],
			"to": [7, 25, 3],
			"faces": {
				"north": {"uv": [8.5, 3.5, 10.5, 6], "texture": "#2"},
				"east": {"uv": [8.5, 3.5, 9, 4], "texture": "#2"},
				"south": {"uv": [10.5, 3.5, 8.5, 6], "texture": "#2"},
				"west": {"uv": [10, 3.5, 10.5, 4], "texture": "#2"},
				"up": {"uv": [8.5, 3.5, 10.5, 4], "texture": "#2"},
				"down": {"uv": [0, 0, 4, 1], "texture": "#missing"}
			}
		},
		{
			"from": [-1, 15, 2],
			"to": [12, 20, 3],
			"faces": {
				"north": {"uv": [6, 6, 12.5, 8.5], "texture": "#2"},
				"east": {"uv": [6, 6, 6.5, 6.5], "texture": "#2"},
				"south": {"uv": [12.5, 6, 6, 8.5], "texture": "#2"},
				"west": {"uv": [12, 8, 12.5, 8.5], "texture": "#2"},
				"up": {"uv": [6.5, 5.5, 7, 6], "texture": "#2"},
				"down": {"uv": [12, 8, 12.5, 8.5], "texture": "#2"}
			}
		},
		{
			"from": [8, 6, 2],
			"to": [12, 11, 3],
			"faces": {
				"north": {"uv": [6, 10.5, 8, 13], "texture": "#2"},
				"east": {"uv": [6, 12.5, 6.5, 13], "texture": "#2"},
				"south": {"uv": [8, 10.5, 6, 13], "texture": "#2"},
				"west": {"uv": [7.5, 12.5, 8, 13], "texture": "#2"},
				"up": {"uv": [0, 0, 4, 1], "texture": "#missing"},
				"down": {"uv": [6, 12.5, 6.5, 13], "texture": "#2"}
			}
		},
		{
			"from": [12, 10, 2],
			"to": [16, 11, 3],
			"faces": {
				"north": {"uv": [4, 10.5, 6, 11], "texture": "#2"},
				"east": {"uv": [4, 10.5, 4.5, 11], "texture": "#2"},
				"south": {"uv": [6, 10.5, 4, 11], "texture": "#2"},
				"west": {"uv": [0, 0, 1, 1], "texture": "#missing"},
				"up": {"uv": [0, 0, 4, 1], "texture": "#missing"},
				"down": {"uv": [4.5, 11, 5, 11.5], "texture": "#2"}
			}
		},
		{
			"from": [12, 15, 2],
			"to": [16, 16, 3],
			"faces": {
				"north": {"uv": [4, 8, 6, 8.5], "texture": "#2"},
				"east": {"uv": [4, 8, 4.5, 8.5], "texture": "#2"},
				"south": {"uv": [6, 8, 4, 8.5], "texture": "#2"},
				"west": {"uv": [0, 0, 1, 1], "texture": "#missing"},
				"up": {"uv": [4, 8, 4.5, 8.5], "texture": "#2"},
				"down": {"uv": [0, 0, 4, 1], "texture": "#missing"}
			}
		},
		{
			"from": [12, 8, 2],
			"to": [14, 10, 3],
			"faces": {
				"north": {"uv": [5, 11, 6, 12], "texture": "#2"},
				"east": {"uv": [5, 11.5, 5.5, 12], "texture": "#2"},
				"south": {"uv": [6, 11, 5, 12], "texture": "#2"},
				"west": {"uv": [0, 0, 1, 2], "texture": "#missing"},
				"up": {"uv": [0, 0, 2, 1], "texture": "#missing"},
				"down": {"uv": [5, 11.5, 5.5, 12], "texture": "#2"}
			}
		},
		{
			"from": [12, 16, 2],
			"to": [14, 18, 3],
			"faces": {
				"north": {"uv": [5, 7, 6, 8], "texture": "#2"},
				"east": {"uv": [5, 7, 5.5, 7.5], "texture": "#2"},
				"south": {"uv": [6, 7, 5, 8], "texture": "#2"},
				"west": {"uv": [0, 0, 1, 2], "texture": "#missing"},
				"up": {"uv": [5, 7, 5.5, 7.5], "texture": "#2"},
				"down": {"uv": [0, 0, 2, 1], "texture": "#missing"}
			}
		},
		{
			"from": [14, 16, 2],
			"to": [15, 17, 3],
			"faces": {
				"north": {"uv": [4.5, 7.5, 5, 8], "texture": "#2"},
				"east": {"uv": [4.5, 7.5, 5, 8], "texture": "#2"},
				"south": {"uv": [4.5, 7.5, 5, 8], "texture": "#2"},
				"west": {"uv": [0, 0, 1, 1], "texture": "#missing"},
				"up": {"uv": [4.5, 7.5, 5, 8], "texture": "#2"},
				"down": {"uv": [0, 0, 1, 1], "texture": "#missing"}
			}
		},
		{
			"from": [12, 18, 2],
			"to": [13, 19, 3],
			"faces": {
				"north": {"uv": [5, 7, 5.5, 7.5], "texture": "#2"},
				"east": {"uv": [5.5, 6.5, 6, 7], "texture": "#2"},
				"south": {"uv": [5.5, 6.5, 6, 7], "texture": "#2"},
				"west": {"uv": [0, 0, 1, 1], "texture": "#missing"},
				"up": {"uv": [5.5, 6.5, 6, 7], "texture": "#2"},
				"down": {"uv": [0, 0, 1, 1], "texture": "#missing"}
			}
		},
		{
			"from": [7, 22, 2],
			"to": [9, 23, 3],
			"faces": {
				"north": {"uv": [7.5, 4.5, 8.5, 5], "texture": "#2"},
				"east": {"uv": [7.5, 4.5, 8, 5], "texture": "#2"},
				"south": {"uv": [8.5, 4.5, 7.5, 5], "texture": "#2"},
				"west": {"uv": [0, 0, 1, 1], "texture": "#missing"},
				"up": {"uv": [7.5, 4.5, 8, 5], "texture": "#2"},
				"down": {"uv": [0, 0, 2, 1], "texture": "#missing"}
			}
		},
		{
			"from": [1, 22, 2],
			"to": [3, 23, 3],
			"faces": {
				"north": {"uv": [10.5, 4.5, 11.5, 5], "texture": "#2"},
				"east": {"uv": [0, 0, 1, 1], "texture": "#missing"},
				"south": {"uv": [11.5, 4.5, 10.5, 5], "texture": "#2"},
				"west": {"uv": [11, 4.5, 11.5, 5], "texture": "#2"},
				"up": {"uv": [11, 4.5, 11.5, 5], "texture": "#2"},
				"down": {"uv": [0, 0, 2, 1], "texture": "#missing"}
			}
		},
		{
			"from": [7, 20, 2],
			"to": [10, 22, 3],
			"faces": {
				"north": {"uv": [7, 5, 8.5, 6], "texture": "#2"},
				"east": {"uv": [7, 5, 7.5, 5.5], "texture": "#2"},
				"south": {"uv": [8.5, 5, 7, 6], "texture": "#2"},
				"west": {"uv": [0, 0, 1, 2], "texture": "#missing"},
				"up": {"uv": [7, 5, 7.5, 5.5], "texture": "#2"},
				"down": {"uv": [0, 0, 3, 1], "texture": "#missing"}
			}
		},
		{
			"from": [0, 20, 2],
			"to": [3, 22, 3],
			"faces": {
				"north": {"uv": [10.5, 5, 12, 6], "texture": "#2"},
				"east": {"uv": [0, 0, 1, 2], "texture": "#missing"},
				"south": {"uv": [12, 5, 10.5, 6], "texture": "#2"},
				"west": {"uv": [11.5, 5, 12, 5.5], "texture": "#2"},
				"up": {"uv": [11.5, 5, 12, 5.5], "texture": "#2"},
				"down": {"uv": [0, 0, 3, 1], "texture": "#missing"}
			}
		},
		{
			"from": [10, 20, 2],
			"to": [11, 21, 3],
			"faces": {
				"north": {"uv": [6.5, 5.5, 7, 6], "texture": "#2"},
				"east": {"uv": [6.5, 5.5, 7, 6], "texture": "#2"},
				"south": {"uv": [6.5, 5.5, 7, 6], "texture": "#2"},
				"west": {"uv": [0, 0, 1, 1], "texture": "#missing"},
				"up": {"uv": [7, 5, 7.5, 5.5], "texture": "#2"},
				"down": {"uv": [0, 0, 1, 1], "texture": "#missing"}
			}
		},
		{
			"from": [-1, 20, 2],
			"to": [0, 21, 3],
			"faces": {
				"north": {"uv": [12, 5.5, 12.5, 6], "texture": "#2"},
				"east": {"uv": [0, 0, 1, 1], "texture": "#missing"},
				"south": {"uv": [12, 5.5, 12.5, 6], "texture": "#2"},
				"west": {"uv": [12, 5.5, 12.5, 6], "texture": "#2"},
				"up": {"uv": [12, 5.5, 12.5, 6], "texture": "#2"},
				"down": {"uv": [0, 0, 1, 1], "texture": "#missing"}
			}
		},
		{
			"from": [7, 23, 2],
			"to": [8, 24, 3],
			"faces": {
				"north": {"uv": [8, 4, 8.5, 4.5], "texture": "#2"},
				"east": {"uv": [8, 4, 8.5, 4.5], "texture": "#2"},
				"south": {"uv": [8, 4, 8.5, 4.5], "texture": "#2"},
				"west": {"uv": [0, 0, 1, 1], "texture": "#missing"},
				"up": {"uv": [8, 4, 8.5, 4.5], "texture": "#2"},
				"down": {"uv": [0, 0, 1, 1], "texture": "#missing"}
			}
		},
		{
			"from": [2, 23, 2],
			"to": [3, 24, 3],
			"faces": {
				"north": {"uv": [10.5, 4, 11, 4.5], "texture": "#2"},
				"east": {"uv": [0, 0, 1, 1], "texture": "#missing"},
				"south": {"uv": [10.5, 4, 11, 4.5], "texture": "#2"},
				"west": {"uv": [10.5, 4, 11, 4.5], "texture": "#2"},
				"up": {"uv": [10.5, 4, 11, 4.5], "texture": "#2"},
				"down": {"uv": [0, 0, 1, 1], "texture": "#missing"}
			}
		},
		{
			"from": [14, 9, 2],
			"to": [15, 10, 3],
			"faces": {
				"north": {"uv": [4.5, 11, 5, 11.5], "texture": "#2"},
				"east": {"uv": [4.5, 11, 5, 11.5], "texture": "#2"},
				"south": {"uv": [5.5, 12, 5, 11.5], "texture": "#2"},
				"west": {"uv": [0, 0, 1, 1], "texture": "#missing"},
				"up": {"uv": [0, 0, 1, 1], "texture": "#missing"},
				"down": {"uv": [5, 11.5, 5.5, 12], "texture": "#2"}
			}
		},
		{
			"from": [12, 7, 2],
			"to": [13, 8, 3],
			"faces": {
				"north": {"uv": [5.5, 12, 6, 12.5], "texture": "#2"},
				"east": {"uv": [5.5, 12, 6, 12.5], "texture": "#2"},
				"south": {"uv": [6, 12.5, 5.5, 12], "texture": "#2"},
				"west": {"uv": [0, 0, 1, 1], "texture": "#missing"},
				"up": {"uv": [0, 0, 1, 1], "texture": "#missing"},
				"down": {"uv": [5.5, 12, 6, 12.5], "texture": "#2"}
			}
		},
		{
			"from": [7, 7, 2],
			"to": [8, 8, 3],
			"faces": {
				"north": {"uv": [8, 12, 8.5, 12.5], "texture": "#2"},
				"east": {"uv": [0, 0, 1, 1], "texture": "#missing"},
				"south": {"uv": [8.5, 12.5, 8, 12], "texture": "#2"},
				"west": {"uv": [8, 12, 8.5, 12.5], "texture": "#2"},
				"up": {"uv": [0, 0, 1, 1], "texture": "#missing"},
				"down": {"uv": [8, 12, 8.5, 12.5], "texture": "#2"}
			}
		},
		{
			"from": [6, 8, 2],
			"to": [8, 11, 3],
			"faces": {
				"north": {"uv": [8, 10.5, 9, 12], "texture": "#2"},
				"east": {"uv": [0, 0, 1, 3], "texture": "#missing"},
				"south": {"uv": [9, 10.5, 8, 12], "texture": "#2"},
				"west": {"uv": [9, 11, 9.5, 11.5], "texture": "#2"},
				"up": {"uv": [0, 0, 2, 1], "texture": "#missing"},
				"down": {"uv": [9, 11, 9.5, 11.5], "texture": "#2"}
			}
		},
		{
			"from": [4, 10, 2],
			"to": [6, 11, 3],
			"faces": {
				"north": {"uv": [9, 10.5, 10, 11], "texture": "#2"},
				"east": {"uv": [0, 0, 1, 1], "texture": "#missing"},
				"south": {"uv": [10, 10.5, 9, 11], "texture": "#2"},
				"west": {"uv": [9.5, 10.5, 10, 11], "texture": "#2"},
				"up": {"uv": [0, 0, 2, 1], "texture": "#missing"},
				"down": {"uv": [10, 10, 10.5, 10.5], "texture": "#2"}
			}
		},
		{
			"from": [5, 9, 2],
			"to": [6, 10, 3],
			"faces": {
				"north": {"uv": [9, 11, 9.5, 11.5], "texture": "#2"},
				"east": {"uv": [0, 0, 1, 1], "texture": "#missing"},
				"south": {"uv": [9.5, 11.5, 9, 11], "texture": "#2"},
				"west": {"uv": [9, 11, 9.5, 11.5], "texture": "#2"},
				"up": {"uv": [0, 0, 1, 1], "texture": "#missing"},
				"down": {"uv": [9.5, 10.5, 10, 11], "texture": "#2"}
			}
		}
	],
	"gui_light": "front",
	"overrides": [],
	"display": {
		"thirdperson_righthand": {
			"rotation": [68.5, -65, 0],
			"translation": [-1.25, -4.25, 0.25],
			"scale": [0.8, 0.8, 0.8]
		},
		"thirdperson_lefthand": {
			"rotation": [68.5, -65, 0],
			"translation": [-1.25, -4.25, 0.25],
			"scale": [0.8, 0.8, 0.8]
		},
		"firstperson_righthand": {
			"translation": [4.25, -9.5, 2],
			"scale": [0.8, 0.8, 0.8]
		},
		"firstperson_lefthand": {
			"translation": [4.25, -9.5, 2],
			"scale": [0.8, 0.8, 0.8]
		},
		"ground": {
			"translation": [0, -0.75, 0],
			"scale": [0.5, 0.5, 0.5]
		},
		"gui": {
			"rotation": [0, -180, 0],
			"translation": [-0.25, -4.25, 0],
			"scale": [0.5, 0.5, 0.5]
		},
		"head": {
			"translation": [0, -5, -2]
		},
		"fixed": {
			"translation": [0.5, -7.5, 4.75]
		}
	},
	"groups": [
		{
			"name": "group",
			"origin": [8, 8, 8],
			"color": 0,
			"children": [0, 1, 2, 3, 4, 5, 6, 7, 8, 9, 10, 11, 12, 13, 14, 15, 16, 17, 18, 19, 20, 21, 22, 23, 24, 25, 26, 27]
		}
	]
}