{
	"credit": "Made with Blockbench",
	"parent": "models/item/shield",
	"ambientocclusion": false,
	"textures": {
		"1": "./6_enderian_shield"
	},
	"elements": [
		{
			"from": [8, 1, 2],
			"to": [17, 14, 3],
			"faces": {
				"north": {"uv": [3.5, 7, 8, 13.5], "texture": "#1"},
				"east": {"uv": [3.5, 13, 4, 13.5], "texture": "#1"},
				"south": {"uv": [8, 7, 3.5, 13.5], "texture": "#1"},
				"west": {"uv": [7.5, 13, 8, 13.5], "texture": "#1"},
				"up": {"uv": [3.5, 7, 4, 7.5], "texture": "#1"},
				"down": {"uv": [3.5, 13, 8, 13.5], "texture": "#1"}
			}
		},
		{
			"from": [4, 5, 2],
			"to": [8, 23, 3],
			"faces": {
				"north": {"uv": [8, 2.5, 10, 11.5], "texture": "#1"},
				"east": {"uv": [8, 2.5, 8.5, 3], "texture": "#1"},
				"south": {"uv": [10, 2.5, 8, 11.5], "texture": "#1"},
				"west": {"uv": [9.5, 3, 10, 2.5], "texture": "#1"},
				"up": {"uv": [8, 2.5, 10, 3], "texture": "#1"},
				"down": {"uv": [9.5, 11, 10, 11.5], "texture": "#1"}
			}
		},
		{
			"from": [-3, 12, 2],
			"to": [4, 16, 3],
			"faces": {
				"north": {"uv": [10, 6, 13.5, 8], "texture": "#1"},
				"east": {"uv": [0, 0, 1, 4], "texture": "#missing"},
				"south": {"uv": [13.5, 6, 10, 8], "texture": "#1"},
				"west": {"uv": [13, 6, 13.5, 8], "texture": "#1"},
				"up": {"uv": [13, 6, 13.5, 6.5], "texture": "#1"},
				"down": {"uv": [13, 7.5, 13.5, 8], "texture": "#1"}
			}
		},
		{
			"from": [-2, 16, 2],
			"to": [4, 20, 3],
			"faces": {
				"north": {"uv": [10, 4, 13, 6], "texture": "#1"},
				"east": {"uv": [0, 0, 1, 4], "texture": "#missing"},
				"south": {"uv": [13, 4, 10, 6], "texture": "#1"},
				"west": {"uv": [12.5, 4, 13, 6], "texture": "#1"},
				"up": {"uv": [12.5, 4, 13, 4.5], "texture": "#1"},
				"down": {"uv": [0, 0, 6, 1], "texture": "#missing"}
			}
		},
		{
			"from": [-2, 11, 2],
			"to": [1, 12, 3],
			"faces": {
				"north": {"uv": [11.5, 8, 13, 8.5], "texture": "#1"},
				"east": {"uv": [0, 0, 1, 1], "texture": "#missing"},
				"south": {"uv": [13, 8.5, 11.5, 8], "texture": "#1"},
				"west": {"uv": [12.5, 8, 13, 8.5], "texture": "#1"},
				"up": {"uv": [0, 0, 3, 1], "texture": "#missing"},
				"down": {"uv": [12.5, 8, 13, 8.5], "texture": "#1"}
			}
		},
		{
			"from": [1, 8, 2],
			"to": [4, 12, 3],
			"faces": {
				"north": {"uv": [10, 8, 11.5, 10], "texture": "#1"},
				"east": {"uv": [0, 0, 1, 4], "texture": "#missing"},
				"south": {"uv": [11.5, 8, 10, 10], "texture": "#1"},
				"west": {"uv": [11, 9.5, 11.5, 10], "texture": "#1"},
				"up": {"uv": [0, 0, 3, 1], "texture": "#missing"},
				"down": {"uv": [11, 9.5, 11.5, 10], "texture": "#1"}
			}
		},
		{
			"from": [3, 6, 2],
			"to": [4, 8, 3],
			"faces": {
				"north": {"uv": [10, 10, 10.5, 11], "texture": "#1"},
				"east": {"uv": [0, 0, 1, 2], "texture": "#missing"},
				"south": {"uv": [10.5, 10, 10, 11], "texture": "#1"},
				"west": {"uv": [10, 10.5, 10.5, 11], "texture": "#1"},
				"up": {"uv": [0, 0, 1, 1], "texture": "#missing"},
				"down": {"uv": [10, 10.5, 10.5, 11], "texture": "#1"}
			}
		},
		{
			"from": [2, 7, 2],
			"to": [3, 8, 3],
			"faces": {
				"north": {"uv": [10.5, 10, 11, 10.5], "texture": "#1"},
				"east": {"uv": [0, 0, 1, 1], "texture": "#missing"},
				"south": {"uv": [11, 10.5, 10.5, 10], "texture": "#1"},
				"west": {"uv": [10.5, 10, 11, 10.5], "texture": "#1"},
				"up": {"uv": [0, 0, 1, 1], "texture": "#missing"},
				"down": {"uv": [10.5, 10, 11, 10.5], "texture": "#1"}
			}
		},
		{
			"from": [-1, 10, 2],
			"to": [1, 11, 3],
			"faces": {
				"north": {"uv": [11.5, 8.5, 12.5, 9], "texture": "#1"},
				"east": {"uv": [0, 0, 1, 1], "texture": "#missing"},
				"south": {"uv": [12.5, 9, 11.5, 8.5], "texture": "#1"},
				"west": {"uv": [12, 8.5, 12.5, 9], "texture": "#1"},
				"up": {"uv": [0, 0, 2, 1], "texture": "#missing"},
				"down": {"uv": [12, 8.5, 12.5, 9], "texture": "#1"}
			}
		},
		{
			"from": [0, 9, 2],
			"to": [1, 10, 3],
			"faces": {
				"north": {"uv": [11.5, 9, 12, 9.5], "texture": "#1"},
				"east": {"uv": [0, 0, 1, 1], "texture": "#missing"},
				"south": {"uv": [12, 9.5, 11.5, 9], "texture": "#1"},
				"west": {"uv": [11.5, 9, 12, 9.5], "texture": "#1"},
				"up": {"uv": [0, 0, 1, 1], "texture": "#missing"},
				"down": {"uv": [11.5, 9, 12, 9.5], "texture": "#1"}
			}
		},
		{
			"from": [0, 20, 2],
			"to": [4, 22, 3],
			"faces": {
				"north": {"uv": [10, 3, 12, 4], "texture": "#1"},
				"east": {"uv": [0, 0, 1, 2], "texture": "#missing"},
				"south": {"uv": [12, 3, 10, 4], "texture": "#1"},
				"west": {"uv": [11.5, 3, 12, 3.5], "texture": "#1"},
				"up": {"uv": [10, 3, 12, 3.5], "texture": "#1"},
				"down": {"uv": [0, 0, 4, 1], "texture": "#missing"}
			}
		},
		{
			"from": [-1, 20, 2],
			"to": [0, 21, 3],
			"faces": {
				"north": {"uv": [12, 3.5, 12.5, 4], "texture": "#1"},
				"east": {"uv": [0, 0, 1, 1], "texture": "#missing"},
				"south": {"uv": [12.5, 3.5, 12, 4], "texture": "#1"},
				"west": {"uv": [12, 3.5, 12.5, 4], "texture": "#1"},
				"up": {"uv": [12, 3.5, 12.5, 4], "texture": "#1"},
				"down": {"uv": [0, 0, 1, 1], "texture": "#missing"}
			}
		},
		{
			"from": [5, 4, 2],
			"to": [8, 5, 3],
			"faces": {
				"north": {"uv": [8, 11.5, 9.5, 12], "texture": "#1"},
				"east": {"uv": [0, 0, 1, 1], "texture": "#missing"},
				"south": {"uv": [9.5, 11.5, 8, 12], "texture": "#1"},
				"west": {"uv": [9, 11.5, 9.5, 12], "texture": "#1"},
				"up": {"uv": [0, 0, 3, 1], "texture": "#missing"},
				"down": {"uv": [9, 11.5, 9.5, 12], "texture": "#1"}
			}
		},
		{
			"from": [8, 14, 2],
			"to": [12, 19, 3],
			"faces": {
				"north": {"uv": [6, 4.5, 8, 7], "texture": "#1"},
				"east": {"uv": [6, 4.5, 6.5, 5], "texture": "#1"},
				"south": {"uv": [8, 4.5, 6, 7], "texture": "#1"},
				"west": {"uv": [0, 0, 1, 5], "texture": "#missing"},
				"up": {"uv": [6, 4.5, 6.5, 5], "texture": "#1"},
				"down": {"uv": [0, 0, 4, 1], "texture": "#missing"}
			}
		},
		{
			"from": [12, 14, 2],
			"to": [16, 15, 3],
			"faces": {
				"north": {"uv": [4, 6.5, 6, 7], "texture": "#1"},
				"east": {"uv": [4, 6.5, 4.5, 7], "texture": "#1"},
				"south": {"uv": [6, 6.5, 4, 7], "texture": "#1"},
				"west": {"uv": [0, 0, 1, 1], "texture": "#missing"},
				"up": {"uv": [4, 6.5, 4.5, 7], "texture": "#1"},
				"down": {"uv": [0, 0, 4, 1], "texture": "#missing"}
			}
		},
		{
			"from": [12, 15, 2],
			"to": [15, 16, 3],
			"faces": {
				"north": {"uv": [4.5, 6, 6, 6.5], "texture": "#1"},
				"east": {"uv": [4.5, 6, 5, 6.5], "texture": "#1"},
				"south": {"uv": [6, 6, 4.5, 6.5], "texture": "#1"},
				"west": {"uv": [0, 0, 1, 1], "texture": "#missing"},
				"up": {"uv": [4.5, 6, 5, 6.5], "texture": "#1"},
				"down": {"uv": [0, 0, 3, 1], "texture": "#missing"}
			}
		},
		{
			"from": [12, 16, 2],
			"to": [14, 17, 3],
			"faces": {
				"north": {"uv": [4.5, 6, 5.5, 6.5], "texture": "#1"},
				"east": {"uv": [4.5, 6, 5, 6.5], "texture": "#1"},
				"south": {"uv": [5.5, 6, 4.5, 6.5], "texture": "#1"},
				"west": {"uv": [0, 0, 1, 1], "texture": "#missing"},
				"up": {"uv": [4.5, 6, 5, 6.5], "texture": "#1"},
				"down": {"uv": [0, 0, 2, 1], "texture": "#missing"}
			}
		},
		{
			"from": [12, 17, 2],
			"to": [13, 18, 3],
			"faces": {
				"north": {"uv": [5.5, 5, 6, 5.5], "texture": "#1"},
				"east": {"uv": [5.5, 5, 6, 5.5], "texture": "#1"},
				"south": {"uv": [6, 5, 5.5, 5.5], "texture": "#1"},
				"west": {"uv": [0, 0, 1, 1], "texture": "#missing"},
				"up": {"uv": [5.5, 5, 6, 5.5], "texture": "#1"},
				"down": {"uv": [0, 0, 1, 1], "texture": "#missing"}
			}
		},
		{
			"from": [8, 19, 2],
			"to": [11, 20, 3],
			"faces": {
				"north": {"uv": [6.5, 4, 8, 4.5], "texture": "#1"},
				"east": {"uv": [6.5, 4, 7, 4.5], "texture": "#1"},
				"south": {"uv": [8, 4, 6.5, 4.5], "texture": "#1"},
				"west": {"uv": [0, 0, 1, 1], "texture": "#missing"},
				"up": {"uv": [6.5, 4, 7, 4.5], "texture": "#1"},
				"down": {"uv": [0, 0, 3, 1], "texture": "#missing"}
			}
		},
		{
			"from": [8, 20, 2],
			"to": [10, 21, 3],
			"faces": {
				"north": {"uv": [7, 3.5, 8, 4], "texture": "#1"},
				"east": {"uv": [7, 3.5, 7.5, 4], "texture": "#1"},
				"south": {"uv": [8, 3.5, 7, 4], "texture": "#1"},
				"west": {"uv": [0, 0, 1, 1], "texture": "#missing"},
				"up": {"uv": [7, 3.5, 7.5, 4], "texture": "#1"},
				"down": {"uv": [0, 0, 2, 1], "texture": "#missing"}
			}
		},
		{
			"from": [8, 21, 2],
			"to": [9, 22, 3],
			"faces": {
				"north": {"uv": [7.5, 3, 8, 3.5], "texture": "#1"},
				"east": {"uv": [7.5, 3, 8, 3.5], "texture": "#1"},
				"south": {"uv": [7.5, 3, 8, 3.5], "texture": "#1"},
				"west": {"uv": [0, 0, 1, 1], "texture": "#missing"},
				"up": {"uv": [7.5, 3, 8, 3.5], "texture": "#1"},
				"down": {"uv": [0, 0, 1, 1], "texture": "#missing"}
			}
		},
		{
			"from": [6, 3, 2],
			"to": [8, 4, 3],
			"faces": {
				"north": {"uv": [8, 12, 9, 12.5], "texture": "#1"},
				"east": {"uv": [0, 0, 1, 1], "texture": "#missing"},
				"south": {"uv": [9, 12.5, 8, 12], "texture": "#1"},
				"west": {"uv": [8.5, 12, 9, 12.5], "texture": "#1"},
				"up": {"uv": [0, 0, 2, 1], "texture": "#missing"},
				"down": {"uv": [8.5, 12, 9, 12.5], "texture": "#1"}
			}
		},
		{
			"from": [7, 2, 2],
			"to": [8, 3, 3],
			"faces": {
				"north": {"uv": [8, 12.5, 8.5, 13], "texture": "#1"},
				"east": {"uv": [0, 0, 1, 1], "texture": "#missing"},
				"south": {"uv": [8.5, 13, 8, 12.5], "texture": "#1"},
				"west": {"uv": [8, 12.5, 8.5, 13], "texture": "#1"},
				"up": {"uv": [0, 0, 1, 1], "texture": "#missing"},
				"down": {"uv": [8, 12.5, 8.5, 13], "texture": "#1"}
			}
		},
		{
			"from": [17, 2, 2],
			"to": [18, 13, 3],
			"faces": {
				"north": {"uv": [3, 7.5, 3.5, 13], "texture": "#1"},
				"east": {"uv": [3, 12.5, 3.5, 13], "texture": "#1"},
				"south": {"uv": [3.5, 7.5, 3, 13], "texture": "#1"},
				"west": {"uv": [0, 0, 1, 11], "texture": "#missing"},
				"up": {"uv": [3, 7.5, 3.5, 8], "texture": "#1"},
				"down": {"uv": [3, 12.5, 3.5, 13], "texture": "#1"}
			}
		},
		{
			"from": [18, 3, 2],
			"to": [19, 12, 3],
			"faces": {
				"north": {"uv": [2.5, 8, 3, 12.5], "texture": "#1"},
				"east": {"uv": [2.5, 8, 3, 12.5], "texture": "#1"},
				"south": {"uv": [3, 8, 2.5, 12.5], "texture": "#1"},
				"west": {"uv": [0, 0, 1, 9], "texture": "#missing"},
				"up": {"uv": [2.5, 8, 3, 8.5], "texture": "#1"},
				"down": {"uv": [2.5, 12, 3, 12.5], "texture": "#1"}
			}
		}
	],
	"gui_light": "front",
	"overrides": [],
	"display": {
		"thirdperson_righthand": {
			"rotation": [68.5, -65, 0],
			"translation": [-1.25, -4.25, 0.25],
			"scale": [0.8, 0.8, 0.8]
		},
		"thirdperson_lefthand": {
			"rotation": [68.5, -65, 0],
			"translation": [-1.25, -4.25, 0.25],
			"scale": [0.8, 0.8, 0.8]
		},
		"firstperson_righthand": {
			"translation": [4.25, -9.5, 2],
			"scale": [0.8, 0.8, 0.8]
		},
		"firstperson_lefthand": {
			"translation": [4.25, -9.5, 2],
			"scale": [0.8, 0.8, 0.8]
		},
		"ground": {
			"translation": [0, -0.75, 0],
			"scale": [0.5, 0.5, 0.5]
		},
		"gui": {
			"rotation": [0, -180, 0],
			"translation": [0, -2.5, 0],
			"scale": [0.5, 0.5, 0.5]
		},
		"head": {
			"translation": [0, -5, -2]
		},
		"fixed": {
			"translation": [0.5, -3.25, 4.75]
		}
	},
	"groups": [
		{
			"name": "group",
			"origin": [8, 8, 8],
			"color": 0,
			"children": [0, 1, 2, 3, 4, 5, 6, 7, 8, 9, 10, 11, 12, 13, 14, 15, 16, 17, 18, 19, 20, 21, 22, 23, 24]
		}
	]
}