{
	"credit": "Made with Blockbench",
	"texture_size": [64, 64],
	"textures": {
		"2": "./star_texture",
		"particle": "./star_texture"
	},
	"elements": [
		{
			"from": [7, -7, 7],
			"to": [9, 21, 9],
			"faces": {
				"north": {"uv": [0, 0, 0.5, 7], "texture": "#2"},
				"east": {"uv": [0.5, 0, 1, 7], "texture": "#2"},
				"south": {"uv": [1, 0, 1.5, 7], "texture": "#2"},
				"west": {"uv": [1.5, 0, 2, 7], "texture": "#2"},
				"up": {"uv": [7.75, 4.75, 7.25, 4.25], "texture": "#2"},
				"down": {"uv": [5, 7.25, 4.5, 7.75], "texture": "#2"}
			}
		},
		{
			"from": [6.5, -8, 6.5],
			"to": [9.5, -6, 9.5],
			"faces": {
				"north": {"uv": [6.5, 5.25, 7.25, 5.75], "texture": "#2"},
				"east": {"uv": [6.5, 5.75, 7.25, 6.25], "texture": "#2"},
				"south": {"uv": [6.5, 6.25, 7.25, 6.75], "texture": "#2"},
				"west": {"uv": [2, 6.75, 2.75, 7.25], "texture": "#2"},
				"up": {"uv": [5, 5.5, 4.25, 4.75], "texture": "#2"},
				"down": {"uv": [5.75, 3.75, 5, 4.5], "texture": "#2"}
			}
		},
		{
			"from": [6.25, -8, 7.25],
			"to": [9.75, -7, 8.75],
			"faces": {
				"north": {"uv": [8, 4, 8.875, 4.25], "texture": "#2"},
				"east": {"uv": [6.25, 2.75, 6.625, 3], "texture": "#2"},
				"south": {"uv": [8.25, 7.75, 9.125, 8], "texture": "#2"},
				"west": {"uv": [1.5, 7, 1.875, 7.25], "texture": "#2"},
				"up": {"uv": [5.125, 7.125, 4.25, 6.75], "texture": "#2"},
				"down": {"uv": [6.125, 6.75, 5.25, 7.125], "texture": "#2"}
			}
		},
		{
			"from": [7.25, -8, 6.25],
			"to": [8.75, -7, 9.75],
			"rotation": {"angle": 0, "axis": "y", "origin": [8, -7.5, 8]},
			"faces": {
				"north": {"uv": [7, 2.5, 7.375, 2.75], "texture": "#2"},
				"east": {"uv": [8.25, 8, 9.125, 8.25], "texture": "#2"},
				"south": {"uv": [7.5, 3.5, 7.875, 3.75], "texture": "#2"},
				"west": {"uv": [8.25, 8.25, 9.125, 8.5], "texture": "#2"},
				"up": {"uv": [6.625, 7.625, 6.25, 6.75], "texture": "#2"},
				"down": {"uv": [7.125, 6.75, 6.75, 7.625], "texture": "#2"}
			}
		},
		{
			"from": [6.5, 20, 6.5],
			"to": [9.5, 22, 9.5],
			"faces": {
				"north": {"uv": [2.75, 6.75, 3.5, 7.25], "texture": "#2"},
				"east": {"uv": [6.75, 2.75, 7.5, 3.25], "texture": "#2"},
				"south": {"uv": [6.75, 3.25, 7.5, 3.75], "texture": "#2"},
				"west": {"uv": [3.5, 6.75, 4.25, 7.25], "texture": "#2"},
				"up": {"uv": [5.75, 5.25, 5, 4.5], "texture": "#2"},
				"down": {"uv": [6, 3, 5.25, 3.75], "texture": "#2"}
			}
		},
		{
			"from": [6.75, 17, 6.75],
			"to": [9.25, 19, 9.25],
			"faces": {
				"north": {"uv": [0, 7, 0.625, 7.5], "texture": "#2"},
				"east": {"uv": [7, 0, 7.625, 0.5], "texture": "#2"},
				"south": {"uv": [7, 0.5, 7.625, 1], "texture": "#2"},
				"west": {"uv": [0.75, 7, 1.375, 7.5], "texture": "#2"},
				"up": {"uv": [6.375, 6.625, 5.75, 6], "texture": "#2"},
				"down": {"uv": [6.875, 0, 6.25, 0.625], "texture": "#2"}
			}
		},
		{
			"from": [6.75, -5, 6.75],
			"to": [9.25, -3, 9.25],
			"faces": {
				"north": {"uv": [0, 7, 0.625, 7.5], "texture": "#2"},
				"east": {"uv": [7, 0, 7.625, 0.5], "texture": "#2"},
				"south": {"uv": [7, 0.5, 7.625, 1], "texture": "#2"},
				"west": {"uv": [0.75, 7, 1.375, 7.5], "texture": "#2"},
				"up": {"uv": [6.375, 6.625, 5.75, 6], "texture": "#2"},
				"down": {"uv": [6.875, 0, 6.25, 0.625], "texture": "#2"}
			}
		},
		{
			"from": [7.5, 9.5, 6.75],
			"to": [8.5, 10.5, 9.25],
			"faces": {
				"north": {"uv": [9, 5.75, 9.25, 6], "texture": "#2"},
				"east": {"uv": [8.75, 2.75, 9.375, 3], "texture": "#2"},
				"south": {"uv": [9, 6.75, 9.25, 7], "texture": "#2"},
				"west": {"uv": [3.5, 8.75, 4.125, 9], "texture": "#2"},
				"up": {"uv": [4.5, 9.375, 4.25, 8.75], "texture": "#2"},
				"down": {"uv": [9, 4.25, 8.75, 4.875], "texture": "#2"}
			}
		},
		{
			"from": [7.5, 8, 6.75],
			"to": [8.5, 9, 9.25],
			"faces": {
				"north": {"uv": [9, 5.75, 9.25, 6], "texture": "#2"},
				"east": {"uv": [8.75, 2.75, 9.375, 3], "texture": "#2"},
				"south": {"uv": [9, 6.75, 9.25, 7], "texture": "#2"},
				"west": {"uv": [3.5, 8.75, 4.125, 9], "texture": "#2"},
				"up": {"uv": [4.5, 9.375, 4.25, 8.75], "texture": "#2"},
				"down": {"uv": [9, 4.25, 8.75, 4.875], "texture": "#2"}
			}
		},
		{
			"from": [7.5, 5, 6.75],
			"to": [8.5, 6, 9.25],
			"faces": {
				"north": {"uv": [9, 5.75, 9.25, 6], "texture": "#2"},
				"east": {"uv": [8.75, 2.75, 9.375, 3], "texture": "#2"},
				"south": {"uv": [9, 6.75, 9.25, 7], "texture": "#2"},
				"west": {"uv": [3.5, 8.75, 4.125, 9], "texture": "#2"},
				"up": {"uv": [4.5, 9.375, 4.25, 8.75], "texture": "#2"},
				"down": {"uv": [9, 4.25, 8.75, 4.875], "texture": "#2"}
			}
		},
		{
			"from": [7.5, 3.5, 6.75],
			"to": [8.5, 4.5, 9.25],
			"faces": {
				"north": {"uv": [9, 5.75, 9.25, 6], "texture": "#2"},
				"east": {"uv": [8.75, 2.75, 9.375, 3], "texture": "#2"},
				"south": {"uv": [9, 6.75, 9.25, 7], "texture": "#2"},
				"west": {"uv": [3.5, 8.75, 4.125, 9], "texture": "#2"},
				"up": {"uv": [4.5, 9.375, 4.25, 8.75], "texture": "#2"},
				"down": {"uv": [9, 4.25, 8.75, 4.875], "texture": "#2"}
			}
		},
		{
			"from": [7.5, 6.5, 6.75],
			"to": [8.5, 7.5, 9.25],
			"faces": {
				"north": {"uv": [9, 5.75, 9.25, 6], "texture": "#2"},
				"east": {"uv": [8.75, 2.75, 9.375, 3], "texture": "#2"},
				"south": {"uv": [9, 6.75, 9.25, 7], "texture": "#2"},
				"west": {"uv": [3.5, 8.75, 4.125, 9], "texture": "#2"},
				"up": {"uv": [4.5, 9.375, 4.25, 8.75], "texture": "#2"},
				"down": {"uv": [9, 4.25, 8.75, 4.875], "texture": "#2"}
			}
		},
		{
			"from": [6.875, 13.25921, 8.71735],
			"to": [9.125, 14.50921, 9.46735],
			"rotation": {"angle": -22.5, "axis": "x", "origin": [8, 14.33668, 8]},
			"faces": {
				"north": {"uv": [6.75, 7.75, 7.375, 8.125], "texture": "#2"},
				"east": {"uv": [7, 9, 7.25, 9.375], "texture": "#2"},
				"south": {"uv": [7.75, 6.75, 8.375, 7.125], "texture": "#2"},
				"west": {"uv": [7.25, 9, 7.5, 9.375], "texture": "#2"},
				"up": {"uv": [8.875, 8.75, 8.25, 8.5], "texture": "#2"},
				"down": {"uv": [9.375, 0, 8.75, 0.25], "texture": "#2"}
			}
		},
		{
			"from": [6.5, 13.75, 6.875],
			"to": [7.25, 15, 9.125],
			"rotation": {"angle": -22.5, "axis": "z", "origin": [6.75, 14.5, 8]},
			"faces": {
				"north": {"uv": [9.25, 1.75, 9.5, 2.125], "texture": "#2"},
				"east": {"uv": [1.5, 8.25, 2.125, 8.625], "texture": "#2"},
				"south": {"uv": [9.25, 3, 9.5, 3.375], "texture": "#2"},
				"west": {"uv": [2.25, 8.25, 2.875, 8.625], "texture": "#2"},
				"up": {"uv": [2, 9.375, 1.75, 8.75], "texture": "#2"},
				"down": {"uv": [2.25, 8.75, 2, 9.375], "texture": "#2"}
			}
		},
		{
			"from": [6.875, 13.25921, 6.53265],
			"to": [9.125, 14.50921, 7.28265],
			"rotation": {"angle": 22.5, "axis": "x", "origin": [8, 14.33668, 8]},
			"faces": {
				"north": {"uv": [3, 8.25, 3.625, 8.625], "texture": "#2"},
				"east": {"uv": [9.25, 4, 9.5, 4.375], "texture": "#2"},
				"south": {"uv": [8.25, 3, 8.875, 3.375], "texture": "#2"},
				"west": {"uv": [9.25, 4.5, 9.5, 4.875], "texture": "#2"},
				"up": {"uv": [2.875, 9, 2.25, 8.75], "texture": "#2"},
				"down": {"uv": [9.375, 2.5, 8.75, 2.75], "texture": "#2"}
			}
		},
		{
			"from": [8.75, 13.75, 6.875],
			"to": [9.5, 15, 9.125],
			"rotation": {"angle": 22.5, "axis": "z", "origin": [9.25, 14.5, 8]},
			"faces": {
				"north": {"uv": [9.25, 5.25, 9.5, 5.625], "texture": "#2"},
				"east": {"uv": [3.75, 8.25, 4.375, 8.625], "texture": "#2"},
				"south": {"uv": [9.25, 6.25, 9.5, 6.625], "texture": "#2"},
				"west": {"uv": [4.5, 8.25, 5.125, 8.625], "texture": "#2"},
				"up": {"uv": [3.25, 9.375, 3, 8.75], "texture": "#2"},
				"down": {"uv": [3.5, 8.75, 3.25, 9.375], "texture": "#2"}
			}
		},
		{
			"from": [6.5, 11, 6.875],
			"to": [7.25, 12.25, 9.125],
			"rotation": {"angle": 22.5, "axis": "z", "origin": [6.75, 11.5, 8]},
			"faces": {
				"north": {"uv": [9.25, 2.125, 9.5, 1.75], "texture": "#2"},
				"east": {"uv": [1.5, 8.625, 2.125, 8.25], "texture": "#2"},
				"south": {"uv": [9.25, 3.375, 9.5, 3], "texture": "#2"},
				"west": {"uv": [2.25, 8.625, 2.875, 8.25], "texture": "#2"},
				"up": {"uv": [2.25, 9.375, 2, 8.75], "texture": "#2"},
				"down": {"uv": [2, 8.75, 1.75, 9.375], "texture": "#2"}
			}
		},
		{
			"from": [6.875, 11.49079, 6.53265],
			"to": [9.125, 12.74079, 7.28265],
			"rotation": {"angle": -22.5, "axis": "x", "origin": [8, 11.66332, 8]},
			"faces": {
				"north": {"uv": [3, 8.625, 3.625, 8.25], "texture": "#2"},
				"east": {"uv": [9.25, 4.375, 9.5, 4], "texture": "#2"},
				"south": {"uv": [8.25, 3.375, 8.875, 3], "texture": "#2"},
				"west": {"uv": [9.25, 4.875, 9.5, 4.5], "texture": "#2"},
				"up": {"uv": [9.375, 2.75, 8.75, 2.5], "texture": "#2"},
				"down": {"uv": [2.875, 8.75, 2.25, 9], "texture": "#2"}
			}
		},
		{
			"from": [8.75, 11, 6.875],
			"to": [9.5, 12.25, 9.125],
			"rotation": {"angle": -22.5, "axis": "z", "origin": [9.25, 11.5, 8]},
			"faces": {
				"north": {"uv": [9.25, 5.625, 9.5, 5.25], "texture": "#2"},
				"east": {"uv": [3.75, 8.625, 4.375, 8.25], "texture": "#2"},
				"south": {"uv": [9.25, 6.625, 9.5, 6.25], "texture": "#2"},
				"west": {"uv": [4.5, 8.625, 5.125, 8.25], "texture": "#2"},
				"up": {"uv": [3.5, 9.375, 3.25, 8.75], "texture": "#2"},
				"down": {"uv": [3.25, 8.75, 3, 9.375], "texture": "#2"}
			}
		},
		{
			"from": [6.875, 11.49079, 8.71735],
			"to": [9.125, 12.74079, 9.46735],
			"rotation": {"angle": 22.5, "axis": "x", "origin": [8, 11.66332, 8]},
			"faces": {
				"north": {"uv": [6.75, 8.125, 7.375, 7.75], "texture": "#2"},
				"east": {"uv": [7, 9.375, 7.25, 9], "texture": "#2"},
				"south": {"uv": [7.75, 7.125, 8.375, 6.75], "texture": "#2"},
				"west": {"uv": [7.25, 9.375, 7.5, 9], "texture": "#2"},
				"up": {"uv": [9.375, 0.25, 8.75, 0], "texture": "#2"},
				"down": {"uv": [8.875, 8.5, 8.25, 8.75], "texture": "#2"}
			}
		},
		{
			"from": [6.5, 12, 6.5],
			"to": [9.5, 14, 9.5],
			"rotation": {"angle": 0, "axis": "y", "origin": [0, 15, 0]},
			"faces": {
				"north": {"uv": [4.25, 6.25, 5, 6.75], "texture": "#2"},
				"east": {"uv": [6.5, 3.75, 7.25, 4.25], "texture": "#2"},
				"south": {"uv": [6.5, 4.25, 7.25, 4.75], "texture": "#2"},
				"west": {"uv": [6.5, 4.75, 7.25, 5.25], "texture": "#2"},
				"up": {"uv": [3.5, 5.5, 2.75, 4.75], "texture": "#2"},
				"down": {"uv": [4.25, 4.75, 3.5, 5.5], "texture": "#2"}
			}
		},
		{
			"from": [5.5, 24, 5.5],
			"to": [10.5, 29, 10.5],
			"faces": {
				"north": {"uv": [2, 0, 3.25, 1.25], "texture": "#2"},
				"east": {"uv": [2, 1.25, 3.25, 2.5], "texture": "#2"},
				"south": {"uv": [2, 2.5, 3.25, 3.75], "texture": "#2"},
				"west": {"uv": [3.25, 0, 4.5, 1.25], "texture": "#2"},
				"up": {"uv": [4.5, 2.5, 3.25, 1.25], "texture": "#2"},
				"down": {"uv": [4.5, 2.5, 3.25, 3.75], "texture": "#2"}
			}
		},
		{
			"from": [6, -12, 6],
			"to": [10, -8, 10],
			"faces": {
				"north": {"uv": [2, 3.75, 3, 4.75], "texture": "#2"},
				"east": {"uv": [3, 3.75, 4, 4.75], "texture": "#2"},
				"south": {"uv": [4, 3.75, 5, 4.75], "texture": "#2"},
				"west": {"uv": [4.5, 0, 5.5, 1], "texture": "#2"},
				"up": {"uv": [5.5, 2, 4.5, 1], "texture": "#2"},
				"down": {"uv": [5.5, 2, 4.5, 3], "texture": "#2"}
			}
		},
		{
			"from": [6.5, -13.5, 6.5],
			"to": [9.5, -12, 9.5],
			"faces": {
				"north": {"uv": [2.25, 7.25, 3, 7.625], "texture": "#2"},
				"east": {"uv": [3, 7.25, 3.75, 7.625], "texture": "#2"},
				"south": {"uv": [3.75, 7.25, 4.5, 7.625], "texture": "#2"},
				"west": {"uv": [7.25, 3.75, 8, 4.125], "texture": "#2"},
				"up": {"uv": [6.75, 3.75, 6, 3], "texture": "#2"},
				"down": {"uv": [5.75, 6, 5, 6.75], "texture": "#2"}
			}
		},
		{
			"from": [6.75, -15, 7.25],
			"to": [9.25, -13.5, 8.75],
			"faces": {
				"north": {"uv": [5.25, 8.25, 5.875, 8.625], "texture": "#2"},
				"east": {"uv": [8.25, 8.75, 8.625, 9.125], "texture": "#2"},
				"south": {"uv": [6, 8.25, 6.625, 8.625], "texture": "#2"},
				"west": {"uv": [8.75, 8.75, 9.125, 9.125], "texture": "#2"},
				"up": {"uv": [7.375, 8.625, 6.75, 8.25], "texture": "#2"},
				"down": {"uv": [8.125, 8.25, 7.5, 8.625], "texture": "#2"}
			}
		},
		{
			"from": [11.5, 22, 9.5],
			"to": [14.5, 25, 12.5],
			"faces": {
				"north": {"uv": [5, 5.25, 5.75, 6], "texture": "#2"},
				"east": {"uv": [5.5, 0, 6.25, 0.75], "texture": "#2"},
				"south": {"uv": [5.5, 0.75, 6.25, 1.5], "texture": "#2"},
				"west": {"uv": [5.5, 1.5, 6.25, 2.25], "texture": "#2"},
				"up": {"uv": [2.75, 6.25, 2, 5.5], "texture": "#2"},
				"down": {"uv": [6.25, 2.25, 5.5, 3], "texture": "#2"}
			}
		},
		{
			"from": [10.5, 29, 2.5],
			"to": [12.5, 31, 4.5],
			"faces": {
				"north": {"uv": [7.25, 4.75, 7.75, 5.25], "texture": "#2"},
				"east": {"uv": [5, 7.25, 5.5, 7.75], "texture": "#2"},
				"south": {"uv": [7.25, 5.25, 7.75, 5.75], "texture": "#2"},
				"west": {"uv": [5.5, 7.25, 6, 7.75], "texture": "#2"},
				"up": {"uv": [7.75, 6.25, 7.25, 5.75], "texture": "#2"},
				"down": {"uv": [7.75, 6.25, 7.25, 6.75], "texture": "#2"}
			}
		},
		{
			"from": [3.5, 22, 11.5],
			"to": [5.5, 24, 13.5],
			"faces": {
				"north": {"uv": [7.25, 6.75, 7.75, 7.25], "texture": "#2"},
				"east": {"uv": [7.25, 7.25, 7.75, 7.75], "texture": "#2"},
				"south": {"uv": [0, 7.5, 0.5, 8], "texture": "#2"},
				"west": {"uv": [0.5, 7.5, 1, 8], "texture": "#2"},
				"up": {"uv": [1.5, 8, 1, 7.5], "texture": "#2"},
				"down": {"uv": [8, 2.5, 7.5, 3], "texture": "#2"}
			}
		},
		{
			"from": [1.5, 29, 2.5],
			"to": [4.5, 32, 5.5],
			"faces": {
				"north": {"uv": [2.75, 5.5, 3.5, 6.25], "texture": "#2"},
				"east": {"uv": [3.5, 5.5, 4.25, 6.25], "texture": "#2"},
				"south": {"uv": [4.25, 5.5, 5, 6.25], "texture": "#2"},
				"west": {"uv": [5.75, 3.75, 6.5, 4.5], "texture": "#2"},
				"up": {"uv": [6.5, 5.25, 5.75, 4.5], "texture": "#2"},
				"down": {"uv": [6.5, 5.25, 5.75, 6], "texture": "#2"}
			}
		},
		{
			"from": [6.875, 1.25921, 8.71735],
			"to": [9.125, 2.50921, 9.46735],
			"rotation": {"angle": -22.5, "axis": "x", "origin": [8, 2.33668, 8]},
			"faces": {
				"north": {"uv": [6.75, 7.75, 7.375, 8.125], "texture": "#2"},
				"east": {"uv": [7, 9, 7.25, 9.375], "texture": "#2"},
				"south": {"uv": [7.75, 6.75, 8.375, 7.125], "texture": "#2"},
				"west": {"uv": [7.25, 9, 7.5, 9.375], "texture": "#2"},
				"up": {"uv": [8.875, 8.75, 8.25, 8.5], "texture": "#2"},
				"down": {"uv": [9.375, 0, 8.75, 0.25], "texture": "#2"}
			}
		},
		{
			"from": [6.5, 1.75, 6.875],
			"to": [7.25, 3, 9.125],
			"rotation": {"angle": -22.5, "axis": "z", "origin": [6.75, 2.5, 8]},
			"faces": {
				"north": {"uv": [9.25, 1.75, 9.5, 2.125], "texture": "#2"},
				"east": {"uv": [1.5, 8.25, 2.125, 8.625], "texture": "#2"},
				"south": {"uv": [9.25, 3, 9.5, 3.375], "texture": "#2"},
				"west": {"uv": [2.25, 8.25, 2.875, 8.625], "texture": "#2"},
				"up": {"uv": [2, 9.375, 1.75, 8.75], "texture": "#2"},
				"down": {"uv": [2.25, 8.75, 2, 9.375], "texture": "#2"}
			}
		},
		{
			"from": [6.875, 1.25921, 6.53265],
			"to": [9.125, 2.50921, 7.28265],
			"rotation": {"angle": 22.5, "axis": "x", "origin": [8, 2.33668, 8]},
			"faces": {
				"north": {"uv": [3, 8.25, 3.625, 8.625], "texture": "#2"},
				"east": {"uv": [9.25, 4, 9.5, 4.375], "texture": "#2"},
				"south": {"uv": [8.25, 3, 8.875, 3.375], "texture": "#2"},
				"west": {"uv": [9.25, 4.5, 9.5, 4.875], "texture": "#2"},
				"up": {"uv": [2.875, 9, 2.25, 8.75], "texture": "#2"},
				"down": {"uv": [9.375, 2.5, 8.75, 2.75], "texture": "#2"}
			}
		},
		{
			"from": [8.75, 1.75, 6.875],
			"to": [9.5, 3, 9.125],
			"rotation": {"angle": 22.5, "axis": "z", "origin": [9.25, 2.5, 8]},
			"faces": {
				"north": {"uv": [9.25, 5.25, 9.5, 5.625], "texture": "#2"},
				"east": {"uv": [3.75, 8.25, 4.375, 8.625], "texture": "#2"},
				"south": {"uv": [9.25, 6.25, 9.5, 6.625], "texture": "#2"},
				"west": {"uv": [4.5, 8.25, 5.125, 8.625], "texture": "#2"},
				"up": {"uv": [3.25, 9.375, 3, 8.75], "texture": "#2"},
				"down": {"uv": [3.5, 8.75, 3.25, 9.375], "texture": "#2"}
			}
		},
		{
			"from": [6.5, -1, 6.875],
			"to": [7.25, 0.25, 9.125],
			"rotation": {"angle": 22.5, "axis": "z", "origin": [6.75, -0.5, 8]},
			"faces": {
				"north": {"uv": [9.25, 2.125, 9.5, 1.75], "texture": "#2"},
				"east": {"uv": [1.5, 8.625, 2.125, 8.25], "texture": "#2"},
				"south": {"uv": [9.25, 3.375, 9.5, 3], "texture": "#2"},
				"west": {"uv": [2.25, 8.625, 2.875, 8.25], "texture": "#2"},
				"up": {"uv": [2.25, 9.375, 2, 8.75], "texture": "#2"},
				"down": {"uv": [2, 8.75, 1.75, 9.375], "texture": "#2"}
			}
		},
		{
			"from": [6.875, -0.50921, 6.53265],
			"to": [9.125, 0.74079, 7.28265],
			"rotation": {"angle": -22.5, "axis": "x", "origin": [8, -0.33668, 8]},
			"faces": {
				"north": {"uv": [3, 8.625, 3.625, 8.25], "texture": "#2"},
				"east": {"uv": [9.25, 4.375, 9.5, 4], "texture": "#2"},
				"south": {"uv": [8.25, 3.375, 8.875, 3], "texture": "#2"},
				"west": {"uv": [9.25, 4.875, 9.5, 4.5], "texture": "#2"},
				"up": {"uv": [9.375, 2.75, 8.75, 2.5], "texture": "#2"},
				"down": {"uv": [2.875, 8.75, 2.25, 9], "texture": "#2"}
			}
		},
		{
			"from": [8.75, -1, 6.875],
			"to": [9.5, 0.25, 9.125],
			"rotation": {"angle": -22.5, "axis": "z", "origin": [9.25, -0.5, 8]},
			"faces": {
				"north": {"uv": [9.25, 5.625, 9.5, 5.25], "texture": "#2"},
				"east": {"uv": [3.75, 8.625, 4.375, 8.25], "texture": "#2"},
				"south": {"uv": [9.25, 6.625, 9.5, 6.25], "texture": "#2"},
				"west": {"uv": [4.5, 8.625, 5.125, 8.25], "texture": "#2"},
				"up": {"uv": [3.5, 9.375, 3.25, 8.75], "texture": "#2"},
				"down": {"uv": [3.25, 8.75, 3, 9.375], "texture": "#2"}
			}
		},
		{
			"from": [6.875, -0.50921, 8.71735],
			"to": [9.125, 0.74079, 9.46735],
			"rotation": {"angle": 22.5, "axis": "x", "origin": [8, -0.33668, 8]},
			"faces": {
				"north": {"uv": [6.75, 8.125, 7.375, 7.75], "texture": "#2"},
				"east": {"uv": [7, 9.375, 7.25, 9], "texture": "#2"},
				"south": {"uv": [7.75, 7.125, 8.375, 6.75], "texture": "#2"},
				"west": {"uv": [7.25, 9.375, 7.5, 9], "texture": "#2"},
				"up": {"uv": [9.375, 0.25, 8.75, 0], "texture": "#2"},
				"down": {"uv": [8.875, 8.5, 8.25, 8.75], "texture": "#2"}
			}
		},
		{
			"from": [6.5, 0, 6.5],
			"to": [9.5, 2, 9.5],
			"rotation": {"angle": 0, "axis": "y", "origin": [0, 3, 0]},
			"faces": {
				"north": {"uv": [4.25, 6.25, 5, 6.75], "texture": "#2"},
				"east": {"uv": [6.5, 3.75, 7.25, 4.25], "texture": "#2"},
				"south": {"uv": [6.5, 4.25, 7.25, 4.75], "texture": "#2"},
				"west": {"uv": [6.5, 4.75, 7.25, 5.25], "texture": "#2"},
				"up": {"uv": [3.5, 5.5, 2.75, 4.75], "texture": "#2"},
				"down": {"uv": [4.25, 4.75, 3.5, 5.5], "texture": "#2"}
			}
		}
	],
	"display": {
		"thirdperson_righthand": {
			"translation": [0, -1.25, 0],
			"scale": [0.7, 0.7, 0.7]
		},
		"thirdperson_lefthand": {
			"translation": [0, -1.25, 0],
			"scale": [0.7, 0.7, 0.7]
		},
		"firstperson_righthand": {
			"translation": [3, -1.25, 0],
			"scale": [0.7, 0.7, 0.7]
		},
		"firstperson_lefthand": {
			"translation": [3, -1.25, 0],
			"scale": [0.7, 0.7, 0.7]
		},
		"ground": {
			"rotation": [0, 0, 90.5],
			"translation": [0, -1.25, 0],
			"scale": [0.5, 0.5, 0.5]
		},
		"gui": {
			"rotation": [0, 0, -42],
			"translation": [0, -0.5, 0],
			"scale": [0.5, 0.5, 0.5]
		},
		"fixed": {
			"translation": [0, 1.25, -1.25]
		}
	},
	"groups": [
		{
			"name": "Shaft",
			"origin": [0, 0, 0],
			"color": 0,
			"children": [0, 1, 2, 3, 4, 5, 6, 7, 8, 9, 10, 11]
		},
		{
			"name": "Handle",
			"origin": [0, 0, 0],
			"color": 0,
			"children": [12, 13, 14, 15, 16, 17, 18, 19, 20]
		},
		{
			"name": "Star",
			"origin": [8, 8, 8],
			"color": 0,
			"children": [21, 22, 23, 24, 25, 26, 27, 28]
		},
		{
			"name": "Handle",
			"origin": [0, 0, 0],
			"color": 0,
			"children": [29, 30, 31, 32, 33, 34, 35, 36, 37]
		}
	]
}